ab4cd01a8f244e49c4a3548d9160f6610f0edc94;5b9ad6475db178d4cd2eff6115f12102bbd8e887;01fc1eb71b;a78a6a80f8;core/src/main/java/hudson/util/ProcessTree.java;2
71e78b45b025fbbd8fd8e9c1519a078a59039eeb;0ac93deba0d165b0b3ef5c2d84a00767eff511a4;1aea337429;226f7b4c2b;core/src/main/java/hudson/cli/CliProtocol.java;1
71e78b45b025fbbd8fd8e9c1519a078a59039eeb;0ac93deba0d165b0b3ef5c2d84a00767eff511a4;1aea337429;226f7b4c2b;core/src/main/java/hudson/cli/CLICommand.java;1
9801bd961dcde1815ae3a590b769cd7bbef17481;444457f1eebf53890679daf716011bba75eca31e;1f31f42177;ca6d47c5c2;core/src/main/java/hudson/util/ProcessTree.java;2
706aa7ad95f9461b58afb480dab6441b861fd24d;555a863886dbc770e7ad5e16f47fb5b0d9557f15;56f158694a;4753091384;core/src/main/java/jenkins/model/Jenkins.java;1
706aa7ad95f9461b58afb480dab6441b861fd24d;555a863886dbc770e7ad5e16f47fb5b0d9557f15;56f158694a;4753091384;core/src/main/java/hudson/model/UpdateCenter.java;1
4753091384ea51c56cc09a0f96666ea9a4c2e03e;582f6508e509498ceb04f91f09ec260c1daa038e;120d8b5395;52a3a77a75;core/src/main/java/hudson/model/Queue.java;1
4753091384ea51c56cc09a0f96666ea9a4c2e03e;582f6508e509498ceb04f91f09ec260c1daa038e;120d8b5395;52a3a77a75;core/src/main/java/jenkins/model/Jenkins.java;1
4753091384ea51c56cc09a0f96666ea9a4c2e03e;582f6508e509498ceb04f91f09ec260c1daa038e;120d8b5395;52a3a77a75;core/src/main/java/hudson/model/Run.java;1
4753091384ea51c56cc09a0f96666ea9a4c2e03e;582f6508e509498ceb04f91f09ec260c1daa038e;120d8b5395;52a3a77a75;core/src/main/java/hudson/model/ComputerSet.java;1
4753091384ea51c56cc09a0f96666ea9a4c2e03e;582f6508e509498ceb04f91f09ec260c1daa038e;120d8b5395;52a3a77a75;core/src/main/java/jenkins/slaves/JnlpSlaveAgentProtocol3.java;1
56f158694a3533de50bea5889ad892a80242612a;582f6508e509498ceb04f91f09ec260c1daa038e;5500e5c00b;120d8b5395;core/src/main/java/hudson/model/Queue.java;1
56f158694a3533de50bea5889ad892a80242612a;582f6508e509498ceb04f91f09ec260c1daa038e;5500e5c00b;120d8b5395;core/src/main/java/hudson/model/Run.java;1
56f158694a3533de50bea5889ad892a80242612a;582f6508e509498ceb04f91f09ec260c1daa038e;5500e5c00b;120d8b5395;core/src/main/java/hudson/model/ComputerSet.java;1
56f158694a3533de50bea5889ad892a80242612a;582f6508e509498ceb04f91f09ec260c1daa038e;5500e5c00b;120d8b5395;core/src/main/java/jenkins/slaves/JnlpSlaveAgentProtocol3.java;1
56f158694a3533de50bea5889ad892a80242612a;582f6508e509498ceb04f91f09ec260c1daa038e;5500e5c00b;120d8b5395;core/src/main/java/jenkins/model/Jenkins.java;1
56f158694a3533de50bea5889ad892a80242612a;582f6508e509498ceb04f91f09ec260c1daa038e;5500e5c00b;120d8b5395;core/src/main/java/jenkins/util/AntClassLoader.java;1
56f158694a3533de50bea5889ad892a80242612a;582f6508e509498ceb04f91f09ec260c1daa038e;5500e5c00b;120d8b5395;core/src/main/java/hudson/cli/CliProtocol.java;1
56f158694a3533de50bea5889ad892a80242612a;582f6508e509498ceb04f91f09ec260c1daa038e;5500e5c00b;120d8b5395;core/src/main/java/jenkins/slaves/JnlpSlaveAgentProtocol.java;1
56f158694a3533de50bea5889ad892a80242612a;582f6508e509498ceb04f91f09ec260c1daa038e;5500e5c00b;120d8b5395;core/src/main/java/hudson/model/Fingerprint.java;1
56f158694a3533de50bea5889ad892a80242612a;582f6508e509498ceb04f91f09ec260c1daa038e;5500e5c00b;120d8b5395;core/src/main/java/hudson/model/UpdateCenter.java;1
56f158694a3533de50bea5889ad892a80242612a;582f6508e509498ceb04f91f09ec260c1daa038e;5500e5c00b;120d8b5395;core/src/main/java/hudson/util/ChartUtil.java;1
56f158694a3533de50bea5889ad892a80242612a;582f6508e509498ceb04f91f09ec260c1daa038e;5500e5c00b;120d8b5395;core/src/main/java/hudson/PluginManager.java;2
7886b73c1c1ec484f36844d9ee8472e68d9dc4b7;82621f1a75720fe0f8b2c0d394e51cf54332d915;63c203699c;582f6508e5;core/src/main/java/hudson/model/Queue.java;1
7886b73c1c1ec484f36844d9ee8472e68d9dc4b7;82621f1a75720fe0f8b2c0d394e51cf54332d915;63c203699c;582f6508e5;core/src/main/java/jenkins/model/Jenkins.java;1
7886b73c1c1ec484f36844d9ee8472e68d9dc4b7;82621f1a75720fe0f8b2c0d394e51cf54332d915;63c203699c;582f6508e5;core/src/main/java/hudson/Util.java;1
7886b73c1c1ec484f36844d9ee8472e68d9dc4b7;82621f1a75720fe0f8b2c0d394e51cf54332d915;63c203699c;582f6508e5;core/src/main/java/hudson/model/UpdateCenter.java;1
7886b73c1c1ec484f36844d9ee8472e68d9dc4b7;82621f1a75720fe0f8b2c0d394e51cf54332d915;63c203699c;582f6508e5;core/src/main/java/hudson/PluginManager.java;2
120d8b53950318d11bd1a2aa65da1c01eba53583;82621f1a75720fe0f8b2c0d394e51cf54332d915;8533fb628c;582f6508e5;core/src/main/java/jenkins/slaves/JnlpSlaveAgentProtocol3.java;1
fc517765d752ee8098ea48c052f6a709c5b451c9;0bd065f3d180a1e0bcf7febb3213e72450d324f3;21f81428dd;a88f2d9fbe;core/src/main/java/hudson/model/Run.java;1
fc517765d752ee8098ea48c052f6a709c5b451c9;0bd065f3d180a1e0bcf7febb3213e72450d324f3;21f81428dd;a88f2d9fbe;test/src/main/java/org/jvnet/hudson/test/JenkinsRule.java;2
fc517765d752ee8098ea48c052f6a709c5b451c9;0bd065f3d180a1e0bcf7febb3213e72450d324f3;21f81428dd;a88f2d9fbe;test/src/main/java/org/jvnet/hudson/test/HudsonTestCase.java;2
fc517765d752ee8098ea48c052f6a709c5b451c9;0bd065f3d180a1e0bcf7febb3213e72450d324f3;21f81428dd;a88f2d9fbe;test/src/test/java/hudson/diagnosis/OldDataMonitorTest.java;1
a621099bf1a9082b115c173a9d9416e8027db298;9a108de4052af482e4a3a0345d0e080ece225de6;0c39e8eaff;11c81cacf5;core/src/main/java/hudson/model/Queue.java;1
a621099bf1a9082b115c173a9d9416e8027db298;9a108de4052af482e4a3a0345d0e080ece225de6;0c39e8eaff;11c81cacf5;core/src/main/java/hudson/model/ViewJob.java;1
a621099bf1a9082b115c173a9d9416e8027db298;9a108de4052af482e4a3a0345d0e080ece225de6;0c39e8eaff;11c81cacf5;core/src/main/java/hudson/model/Run.java;1
a621099bf1a9082b115c173a9d9416e8027db298;9a108de4052af482e4a3a0345d0e080ece225de6;0c39e8eaff;11c81cacf5;core/src/main/java/hudson/model/View.java;1
a621099bf1a9082b115c173a9d9416e8027db298;9a108de4052af482e4a3a0345d0e080ece225de6;0c39e8eaff;11c81cacf5;core/src/main/java/hudson/security/FullControlOnceLoggedInAuthorizationStrategy.java;1
a621099bf1a9082b115c173a9d9416e8027db298;9a108de4052af482e4a3a0345d0e080ece225de6;0c39e8eaff;11c81cacf5;core/src/main/java/hudson/model/labels/LabelAtom.java;1
a621099bf1a9082b115c173a9d9416e8027db298;9a108de4052af482e4a3a0345d0e080ece225de6;0c39e8eaff;11c81cacf5;core/src/main/java/hudson/os/windows/ManagedWindowsServiceLauncher.java;1
a621099bf1a9082b115c173a9d9416e8027db298;9a108de4052af482e4a3a0345d0e080ece225de6;0c39e8eaff;11c81cacf5;core/src/main/java/hudson/XmlFile.java;1
a621099bf1a9082b115c173a9d9416e8027db298;9a108de4052af482e4a3a0345d0e080ece225de6;0c39e8eaff;11c81cacf5;core/src/main/java/jenkins/model/Jenkins.java;1
a621099bf1a9082b115c173a9d9416e8027db298;9a108de4052af482e4a3a0345d0e080ece225de6;0c39e8eaff;11c81cacf5;core/src/main/java/hudson/markup/EbayPolicy.java;1
a621099bf1a9082b115c173a9d9416e8027db298;9a108de4052af482e4a3a0345d0e080ece225de6;0c39e8eaff;11c81cacf5;core/src/main/java/hudson/model/Hudson.java;1
a621099bf1a9082b115c173a9d9416e8027db298;9a108de4052af482e4a3a0345d0e080ece225de6;0c39e8eaff;11c81cacf5;core/src/main/java/hudson/model/HealthReport.java;1
041f9b9fecc8f591f77c0e66ba8f95a1ad0ff146;c0445767450dae271aff1d95138f2e9be578bfd2;678e8810af;6e1defe58a;test/src/main/java/org/jvnet/hudson/test/JenkinsRule.java;2
041f9b9fecc8f591f77c0e66ba8f95a1ad0ff146;c0445767450dae271aff1d95138f2e9be578bfd2;678e8810af;6e1defe58a;test/src/main/java/org/jvnet/hudson/test/HudsonTestCase.java;2
211231d12b2d5e998421ab7a332f955800d5b601;bcdff8c55b9f413202e06aba73bc2dd8dc7e3edd;244ff567cc;2dbe144bb7;core/src/main/java/hudson/PluginManager.java;2
211231d12b2d5e998421ab7a332f955800d5b601;bcdff8c55b9f413202e06aba73bc2dd8dc7e3edd;244ff567cc;2dbe144bb7;test/src/main/java/org/jvnet/hudson/test/HudsonTestCase.java;2
f6373f7ada14a7914f4ae08b6af4c1b27d343c21;b78fe8756da0e2dc3ac03f71b5cf6ae31de02254;82e57cb8e4;58d20244d3;test/src/main/java/org/jvnet/hudson/test/HudsonTestCase.java;2
4753091384ea51c56cc09a0f96666ea9a4c2e03e;582f6508e509498ceb04f91f09ec260c1daa038e;120d8b5395;52a3a77a75;core/src/main/java/hudson/model/Fingerprint.java;1
4753091384ea51c56cc09a0f96666ea9a4c2e03e;582f6508e509498ceb04f91f09ec260c1daa038e;120d8b5395;52a3a77a75;core/src/main/java/jenkins/util/AntClassLoader.java;1
4753091384ea51c56cc09a0f96666ea9a4c2e03e;582f6508e509498ceb04f91f09ec260c1daa038e;120d8b5395;52a3a77a75;core/src/main/java/hudson/cli/CliProtocol.java;1
4753091384ea51c56cc09a0f96666ea9a4c2e03e;582f6508e509498ceb04f91f09ec260c1daa038e;120d8b5395;52a3a77a75;core/src/main/java/jenkins/slaves/JnlpSlaveAgentProtocol.java;1
4753091384ea51c56cc09a0f96666ea9a4c2e03e;582f6508e509498ceb04f91f09ec260c1daa038e;120d8b5395;52a3a77a75;core/src/main/java/hudson/model/UpdateCenter.java;1
4753091384ea51c56cc09a0f96666ea9a4c2e03e;582f6508e509498ceb04f91f09ec260c1daa038e;120d8b5395;52a3a77a75;core/src/main/java/hudson/util/ChartUtil.java;1
4753091384ea51c56cc09a0f96666ea9a4c2e03e;582f6508e509498ceb04f91f09ec260c1daa038e;120d8b5395;52a3a77a75;core/src/main/java/hudson/PluginManager.java;2
4753091384ea51c56cc09a0f96666ea9a4c2e03e;582f6508e509498ceb04f91f09ec260c1daa038e;120d8b5395;52a3a77a75;core/src/main/java/hudson/Util.java;1
4753091384ea51c56cc09a0f96666ea9a4c2e03e;582f6508e509498ceb04f91f09ec260c1daa038e;120d8b5395;52a3a77a75;core/src/main/java/hudson/util/Secret.java;1
4753091384ea51c56cc09a0f96666ea9a4c2e03e;582f6508e509498ceb04f91f09ec260c1daa038e;120d8b5395;52a3a77a75;core/src/main/java/hudson/model/User.java;1
56f158694a3533de50bea5889ad892a80242612a;582f6508e509498ceb04f91f09ec260c1daa038e;5500e5c00b;120d8b5395;core/src/main/java/hudson/Util.java;1
56f158694a3533de50bea5889ad892a80242612a;582f6508e509498ceb04f91f09ec260c1daa038e;5500e5c00b;120d8b5395;core/src/main/java/hudson/util/Secret.java;1
56f158694a3533de50bea5889ad892a80242612a;582f6508e509498ceb04f91f09ec260c1daa038e;5500e5c00b;120d8b5395;core/src/main/java/hudson/model/User.java;1
7886b73c1c1ec484f36844d9ee8472e68d9dc4b7;82621f1a75720fe0f8b2c0d394e51cf54332d915;63c203699c;582f6508e5;core/src/main/java/hudson/model/User.java;1
7886b73c1c1ec484f36844d9ee8472e68d9dc4b7;82621f1a75720fe0f8b2c0d394e51cf54332d915;63c203699c;582f6508e5;core/src/main/java/hudson/ProxyConfiguration.java;1
a621099bf1a9082b115c173a9d9416e8027db298;9a108de4052af482e4a3a0345d0e080ece225de6;0c39e8eaff;11c81cacf5;core/src/main/java/hudson/tasks/junit/TestResultAction.java;1
a621099bf1a9082b115c173a9d9416e8027db298;9a108de4052af482e4a3a0345d0e080ece225de6;0c39e8eaff;11c81cacf5;core/src/main/java/hudson/model/UpdateCenter.java;1
a621099bf1a9082b115c173a9d9416e8027db298;9a108de4052af482e4a3a0345d0e080ece225de6;0c39e8eaff;11c81cacf5;core/src/main/java/hudson/util/ChartUtil.java;1
a621099bf1a9082b115c173a9d9416e8027db298;9a108de4052af482e4a3a0345d0e080ece225de6;0c39e8eaff;11c81cacf5;core/src/main/java/jenkins/ClassLoaderReflectionToolkit.java;1
a621099bf1a9082b115c173a9d9416e8027db298;9a108de4052af482e4a3a0345d0e080ece225de6;0c39e8eaff;11c81cacf5;core/src/main/java/hudson/PluginManager.java;2
a621099bf1a9082b115c173a9d9416e8027db298;9a108de4052af482e4a3a0345d0e080ece225de6;0c39e8eaff;11c81cacf5;core/src/main/java/hudson/security/LegacyAuthorizationStrategy.java;1
a621099bf1a9082b115c173a9d9416e8027db298;9a108de4052af482e4a3a0345d0e080ece225de6;0c39e8eaff;11c81cacf5;core/src/main/java/hudson/logging/LogRecorder.java;1
a621099bf1a9082b115c173a9d9416e8027db298;9a108de4052af482e4a3a0345d0e080ece225de6;0c39e8eaff;11c81cacf5;test/src/main/java/org/jvnet/hudson/test/JenkinsRule.java;2
a621099bf1a9082b115c173a9d9416e8027db298;9a108de4052af482e4a3a0345d0e080ece225de6;0c39e8eaff;11c81cacf5;core/src/main/java/hudson/model/ComputerSet.java;1
a621099bf1a9082b115c173a9d9416e8027db298;9a108de4052af482e4a3a0345d0e080ece225de6;0c39e8eaff;11c81cacf5;core/src/main/java/hudson/model/Fingerprint.java;1
a621099bf1a9082b115c173a9d9416e8027db298;9a108de4052af482e4a3a0345d0e080ece225de6;0c39e8eaff;11c81cacf5;core/src/main/java/hudson/tools/JDKInstaller.java;1
a621099bf1a9082b115c173a9d9416e8027db298;9a108de4052af482e4a3a0345d0e080ece225de6;0c39e8eaff;11c81cacf5;test/src/main/java/org/jvnet/hudson/test/HudsonTestCase.java;2
a621099bf1a9082b115c173a9d9416e8027db298;9a108de4052af482e4a3a0345d0e080ece225de6;0c39e8eaff;11c81cacf5;core/src/main/java/hudson/cli/CLICommand.java;1
a621099bf1a9082b115c173a9d9416e8027db298;9a108de4052af482e4a3a0345d0e080ece225de6;0c39e8eaff;11c81cacf5;core/src/main/java/hudson/util/ProcessTree.java;2
a621099bf1a9082b115c173a9d9416e8027db298;9a108de4052af482e4a3a0345d0e080ece225de6;0c39e8eaff;11c81cacf5;core/src/main/java/hudson/markup/MyspacePolicy.java;2
a621099bf1a9082b115c173a9d9416e8027db298;9a108de4052af482e4a3a0345d0e080ece225de6;0c39e8eaff;11c81cacf5;core/src/main/java/jenkins/security/SecureRequester.java;1
a621099bf1a9082b115c173a9d9416e8027db298;9a108de4052af482e4a3a0345d0e080ece225de6;0c39e8eaff;11c81cacf5;test/src/test/java/hudson/diagnosis/OldDataMonitorTest.java;1
a621099bf1a9082b115c173a9d9416e8027db298;9a108de4052af482e4a3a0345d0e080ece225de6;0c39e8eaff;11c81cacf5;core/src/main/java/hudson/util/IOUtils.java;1
a621099bf1a9082b115c173a9d9416e8027db298;9a108de4052af482e4a3a0345d0e080ece225de6;0c39e8eaff;11c81cacf5;test/src/main/java/org/jvnet/hudson/test/WarExploder.java;1
a621099bf1a9082b115c173a9d9416e8027db298;9a108de4052af482e4a3a0345d0e080ece225de6;0c39e8eaff;11c81cacf5;core/src/main/java/jenkins/util/AntClassLoader.java;1
a621099bf1a9082b115c173a9d9416e8027db298;9a108de4052af482e4a3a0345d0e080ece225de6;0c39e8eaff;11c81cacf5;core/src/main/java/hudson/model/Result.java;1
a621099bf1a9082b115c173a9d9416e8027db298;9a108de4052af482e4a3a0345d0e080ece225de6;0c39e8eaff;11c81cacf5;core/src/main/java/hudson/ProxyConfiguration.java;1
a621099bf1a9082b115c173a9d9416e8027db298;9a108de4052af482e4a3a0345d0e080ece225de6;0c39e8eaff;11c81cacf5;core/src/main/java/hudson/model/Items.java;1
a621099bf1a9082b115c173a9d9416e8027db298;9a108de4052af482e4a3a0345d0e080ece225de6;0c39e8eaff;11c81cacf5;core/src/main/java/hudson/model/RunParameterDefinition.java;1
a621099bf1a9082b115c173a9d9416e8027db298;9a108de4052af482e4a3a0345d0e080ece225de6;0c39e8eaff;11c81cacf5;core/src/main/java/hudson/model/Node.java;1
a621099bf1a9082b115c173a9d9416e8027db298;9a108de4052af482e4a3a0345d0e080ece225de6;0c39e8eaff;11c81cacf5;core/src/main/java/hudson/Util.java;1
a621099bf1a9082b115c173a9d9416e8027db298;9a108de4052af482e4a3a0345d0e080ece225de6;0c39e8eaff;11c81cacf5;core/src/test/java/hudson/tasks/junit/TestResultTest.java;1
a621099bf1a9082b115c173a9d9416e8027db298;9a108de4052af482e4a3a0345d0e080ece225de6;0c39e8eaff;11c81cacf5;core/src/main/java/hudson/model/User.java;1
