project,merge commit,file,number of InsertionLevelInitializationBlockHandler conflicts,number of SimpleInitializationBlockHandler conflicts,number of Actual conflicts,number of InsertionLevelInitializationBlockHandler for initialization block conflicts,number of SimpleInitializationBlockHandler for initialization block conflicts,number of Actual for initialization block conflicts,InsertionLevelInitializationBlockHandler output = SimpleInitializationBlockHandler output,InsertionLevelInitializationBlockHandler output = Actual output,SimpleInitializationBlockHandler output = Actual output,InsertionLevelInitializationBlockHandler conflicts = SimpleInitializationBlockHandler conflicts,InsertionLevelInitializationBlockHandler conflicts = Actual conflicts,SimpleInitializationBlockHandler conflicts = Actual conflicts
jdk,803cb8a76827a21fcf9e033b4ca6a777c509169b,ObjectInputFilter,0,0,0,0,0,0,true,true,true,true,true,true
jdk,ec975c6a055688c014e709917dcfc340037e684f,ObjectInputFilter,2,2,0,1,1,0,true,false,false,true,false,false
jdk,3637e50b30e92538510c1a8e8893cedc3bd4ccd5,VerifyCACerts,0,0,0,0,0,0,true,true,true,true,true,true
jdk,555641ede5e234c936fca98436ef6aeace2351fc,VerifyCACerts,0,0,0,0,0,0,true,true,true,true,true,true
jdk,d234388042e00f6933b4d723614ef42ec41e0c25,VerifyCACerts,0,0,0,0,0,0,true,true,true,true,true,true
jdk,943b87ddde7f85f5f822662fe0a03538673eb2a8,ExtendedMapMode,0,0,0,0,0,0,true,true,true,true,true,true
jdk,999f05b13b44f9c828a2764ba9dfa7c4e20b28c5,SctpNet,0,0,0,0,0,0,true,true,true,true,true,true
jdk,999f05b13b44f9c828a2764ba9dfa7c4e20b28c5,CallSiteTest,0,0,0,0,0,0,true,true,true,true,true,true
jdk,999f05b13b44f9c828a2764ba9dfa7c4e20b28c5,PlainDatagramSocketImpl,0,0,0,0,0,0,true,true,true,true,true,true
jdk,999f05b13b44f9c828a2764ba9dfa7c4e20b28c5,VerifyCACerts,0,0,0,0,0,0,true,true,true,true,true,true
jdk,999f05b13b44f9c828a2764ba9dfa7c4e20b28c5,FileChannelLinesSpliterator,0,0,0,0,0,0,true,true,true,true,true,true
jdk,999f05b13b44f9c828a2764ba9dfa7c4e20b28c5,Services,0,0,0,0,0,0,true,true,true,true,true,true
jdk,999f05b13b44f9c828a2764ba9dfa7c4e20b28c5,SctpMultiChannelImpl,0,0,0,0,0,0,true,true,true,true,true,true
jdk,4af2b012c38cd75cc65f2de7fba41fa62ca1158e,ClipShapeTest,0,0,0,0,0,0,true,true,true,true,true,true
jdk,4af2b012c38cd75cc65f2de7fba41fa62ca1158e,PrintServiceLookupProvider,0,0,0,0,0,0,true,true,true,true,true,true
jdk,8cecc798a3c36788cdb2a46aea5d5b0ae861dc17,PortConfig,0,0,0,0,0,0,true,true,true,true,true,true
jdk,8cecc798a3c36788cdb2a46aea5d5b0ae861dc17,LinuxNativeDispatcher,0,0,0,0,0,0,true,true,true,true,true,true
jdk,8cecc798a3c36788cdb2a46aea5d5b0ae861dc17,SolarisWatchService,0,0,0,0,0,0,true,true,true,true,true,true
jdk,8cecc798a3c36788cdb2a46aea5d5b0ae861dc17,Compatibility,0,0,0,0,0,0,true,true,true,true,true,true
jdk,8cecc798a3c36788cdb2a46aea5d5b0ae861dc17,IOUtil,0,0,0,0,0,0,true,true,true,true,true,true
jdk,8cecc798a3c36788cdb2a46aea5d5b0ae861dc17,SdpSupport,0,0,0,0,0,0,true,true,true,true,true,true
jdk,8cecc798a3c36788cdb2a46aea5d5b0ae861dc17,SolarisSocketOptions,0,0,0,0,0,0,true,true,true,true,true,true
jdk,8cecc798a3c36788cdb2a46aea5d5b0ae861dc17,LinuxSocketOptions,0,0,0,0,0,0,true,true,true,true,true,true
jdk,8cecc798a3c36788cdb2a46aea5d5b0ae861dc17,UnixNativeDispatcher,0,0,0,0,0,0,true,true,true,true,true,true
jdk,8cecc798a3c36788cdb2a46aea5d5b0ae861dc17,WindowsNativeDispatcher,0,0,0,0,0,0,true,true,true,true,true,true
jdk,8cecc798a3c36788cdb2a46aea5d5b0ae861dc17,KeychainStore,0,0,0,0,0,0,true,true,true,true,true,true
jdk,8cecc798a3c36788cdb2a46aea5d5b0ae861dc17,LinuxWatchService,0,0,0,0,0,0,true,true,true,true,true,true
jdk,8cecc798a3c36788cdb2a46aea5d5b0ae861dc17,InetAddress,0,0,0,0,0,0,true,true,true,true,true,true
jdk,8cecc798a3c36788cdb2a46aea5d5b0ae861dc17,ResolverConfigurationImpl,0,0,0,0,0,0,true,true,true,true,true,true
jdk,8cecc798a3c36788cdb2a46aea5d5b0ae861dc17,MacOSXSocketOptions,0,0,0,0,0,0,true,true,true,true,true,true
jdk,8cecc798a3c36788cdb2a46aea5d5b0ae861dc17,UnixCopyFile,0,0,0,0,0,0,true,true,true,true,true,true
jdk,8cecc798a3c36788cdb2a46aea5d5b0ae861dc17,DatagramPacket,0,0,0,0,0,0,true,true,true,true,true,true
jdk,8cecc798a3c36788cdb2a46aea5d5b0ae861dc17,AixNativeDispatcher,0,0,0,0,0,0,true,true,true,true,true,true
jdk,8cecc798a3c36788cdb2a46aea5d5b0ae861dc17,RegistryFileTypeDetector,0,0,0,0,0,0,true,true,true,true,true,true
jdk,8cecc798a3c36788cdb2a46aea5d5b0ae861dc17,ClassInitBarrier,0,0,0,0,0,0,true,true,true,true,true,true
jdk,8cecc798a3c36788cdb2a46aea5d5b0ae861dc17,ResolverConfigurationImpl,0,0,0,0,0,0,true,true,true,true,true,true
jdk,8cecc798a3c36788cdb2a46aea5d5b0ae861dc17,NetworkInterface,0,0,0,0,0,0,true,true,true,true,true,true
jdk,8cecc798a3c36788cdb2a46aea5d5b0ae861dc17,ReferralsTest,0,0,0,0,0,0,true,true,true,true,true,true
jdk,8cecc798a3c36788cdb2a46aea5d5b0ae861dc17,SolarisNativeDispatcher,0,0,0,0,0,0,true,true,true,true,true,true
jdk,8cecc798a3c36788cdb2a46aea5d5b0ae861dc17,DefaultProxySelector,0,0,0,0,0,0,true,true,true,true,true,true
jdk,8cecc798a3c36788cdb2a46aea5d5b0ae861dc17,Modifier,0,0,0,0,0,0,true,true,true,true,true,true
jdk,8cecc798a3c36788cdb2a46aea5d5b0ae861dc17,ServerSocket,0,0,0,0,0,0,true,true,true,true,true,true
jdk,8cecc798a3c36788cdb2a46aea5d5b0ae861dc17,AbstractPlainDatagramSocketImpl,0,0,0,0,0,0,true,true,true,true,true,true
jdk,8cecc798a3c36788cdb2a46aea5d5b0ae861dc17,AbstractPlainSocketImpl,0,0,0,0,0,0,true,true,true,true,true,true
jdk,8cecc798a3c36788cdb2a46aea5d5b0ae861dc17,UTIFileTypeDetector,0,0,0,0,0,0,true,true,true,true,true,true
jdk,895db11053bd9f8e68d14f336cc78b6cbb4c2355,ClassInitBarrier,0,0,0,0,0,0,true,true,true,true,true,true
jdk,4fc510cc89f2039d014687018cc295d473478fe1,VerifyCACerts,2,2,0,1,1,0,true,false,false,true,false,false
jdk,72b7487789f59bdb363cabd7b770baaef3872f81,GC,0,0,0,0,0,0,true,true,true,true,true,true
jdk,82847e4ec0c29ff518554a097c6b0d3f6f3dcef9,KQueueArrayWrapper,1,1,0,0,0,0,true,false,false,true,false,false
jdk,82847e4ec0c29ff518554a097c6b0d3f6f3dcef9,MimeTable,0,0,0,0,0,0,true,true,true,true,true,true
jdk,82847e4ec0c29ff518554a097c6b0d3f6f3dcef9,Launcher,0,0,0,0,0,0,true,true,true,true,true,true
jdk,82847e4ec0c29ff518554a097c6b0d3f6f3dcef9,FileFontStrike,0,0,0,0,0,0,true,true,true,true,true,true
jdk,82847e4ec0c29ff518554a097c6b0d3f6f3dcef9,D3DGraphicsDevice,0,0,0,0,0,0,true,true,true,true,true,true
jdk,82847e4ec0c29ff518554a097c6b0d3f6f3dcef9,ClassFinder,0,0,0,0,0,0,true,true,true,true,true,true
jdk,82847e4ec0c29ff518554a097c6b0d3f6f3dcef9,WindbgDebuggerLocal,0,0,0,0,0,0,true,true,true,true,true,true
jdk,82847e4ec0c29ff518554a097c6b0d3f6f3dcef9,FontScaler,0,0,0,0,0,0,true,true,true,true,true,true
jdk,82847e4ec0c29ff518554a097c6b0d3f6f3dcef9,DrawHugeImageTest,1,1,0,0,0,0,true,false,false,true,false,false
jdk,82847e4ec0c29ff518554a097c6b0d3f6f3dcef9,DrawBufImgOp,1,1,0,0,0,0,true,false,false,true,false,false
jdk,82847e4ec0c29ff518554a097c6b0d3f6f3dcef9,KQueuePort,1,1,0,0,0,0,true,false,false,true,false,false
jdk,82847e4ec0c29ff518554a097c6b0d3f6f3dcef9,EPollPort,1,1,0,0,0,0,true,false,false,true,false,false
jdk,82847e4ec0c29ff518554a097c6b0d3f6f3dcef9,EPollArrayWrapper,1,1,0,0,0,0,true,false,false,true,false,false
jdk,82847e4ec0c29ff518554a097c6b0d3f6f3dcef9,FontUtilities,0,0,0,0,0,0,true,true,true,true,true,true
jdk,82847e4ec0c29ff518554a097c6b0d3f6f3dcef9,MethodHandleImpl,0,0,0,0,0,0,true,true,true,true,true,true
jdk,9beff15bedd897fb3b761e5fdf1dff2b22fb8d18,PerfDataFile,0,0,0,0,0,0,true,true,true,true,true,true
jdk,44ab590f4464af52b3ef10ea3283b00bad8f5e55,OptionType,1,1,0,0,0,0,true,false,false,true,false,false
jdk,f4c6bc0030bae4f49a0a7304224887e3ba0ad063,PerfDataFile,0,0,0,0,0,0,true,true,true,true,true,true
jdk,459909ddf3d60773f8a630d0b0e1093eaa5edfa9,JShellTool,0,0,0,0,0,0,true,true,true,true,true,true
jdk,fb8bca78ee2e5da3e0bd628b12e08c0b63266b62,CheckGraalIntrinsics,0,0,0,0,0,0,true,true,true,true,true,true
jdk,c8c8cd7238d0850d9a91721deef22c4c4bb2b036,NashornBottomLinker,0,0,0,0,0,0,true,true,true,true,true,true
jdk,0d68fdfec36f1db8e1ebc2dd727ee5a0683de7f2,CheckGraalIntrinsics,0,0,0,0,0,0,true,true,true,true,true,true
jdk,7c3a956755891d02327ed73214b8c0f1221c56e4,ZipFile,0,0,0,0,0,0,true,true,true,true,true,true
jdk,7c3a956755891d02327ed73214b8c0f1221c56e4,MS950_HKSCS,1,1,0,0,0,0,true,false,false,true,false,false
jdk,7c3a956755891d02327ed73214b8c0f1221c56e4,JarFile,1,1,0,0,0,0,true,false,false,true,false,false
jdk,cf0ea690145048542a455edad36b328fcffbf3e5,GraalHotSpotVMConfig,0,0,0,0,0,0,true,true,true,true,true,true
jdk,cf0ea690145048542a455edad36b328fcffbf3e5,JNIid,1,1,0,0,0,0,true,false,false,true,false,false
jdk,cf0ea690145048542a455edad36b328fcffbf3e5,MethodHandleImpl,0,0,0,0,0,0,true,true,true,true,true,true
jdk,cf0ea690145048542a455edad36b328fcffbf3e5,TrufflePEATest,0,0,0,0,0,0,true,true,true,true,true,true
jdk,cf0ea690145048542a455edad36b328fcffbf3e5,UnsafeVirtualizationTest,0,0,0,0,0,0,true,true,true,true,true,true
jdk,fdee542113b1b78c7498b5408ba883b27e3ccef6,UnsafeReadEliminationTest,0,0,0,0,0,0,true,true,true,true,true,true
jdk,fdee542113b1b78c7498b5408ba883b27e3ccef6,GraalHotSpotVMConfig,1,1,0,0,0,0,true,false,false,true,false,false
jdk,1f39fa9e58eadc60e1b87f3b5f78369d2ebeecc6,ModuleAPI,0,0,0,0,0,0,true,true,true,true,true,true
jdk,1f39fa9e58eadc60e1b87f3b5f78369d2ebeecc6,LoaderConstraintTable,1,1,0,0,0,0,true,false,false,true,false,false
jdk,1f39fa9e58eadc60e1b87f3b5f78369d2ebeecc6,UnsafeReadEliminationTest,0,0,0,0,0,0,true,true,true,true,true,true
jdk,1f39fa9e58eadc60e1b87f3b5f78369d2ebeecc6,ArrayCopySnippets,0,0,0,0,0,0,true,true,true,true,true,true
jdk,1f39fa9e58eadc60e1b87f3b5f78369d2ebeecc6,FingerprintUtil,1,1,0,0,0,0,true,false,false,true,false,false
jdk,1f39fa9e58eadc60e1b87f3b5f78369d2ebeecc6,HotSpotGraphBuilderPlugins,0,0,0,0,0,0,true,true,true,true,true,true
jdk,1f39fa9e58eadc60e1b87f3b5f78369d2ebeecc6,RecursiveInliningTest,1,1,0,0,0,0,true,false,false,true,false,false
jdk,1f39fa9e58eadc60e1b87f3b5f78369d2ebeecc6,JNILibELFAPI,1,1,0,0,0,0,true,false,false,true,false,false
jdk,1f39fa9e58eadc60e1b87f3b5f78369d2ebeecc6,UnsafeEATest,0,0,0,0,0,0,true,true,true,true,true,true
jdk,1f39fa9e58eadc60e1b87f3b5f78369d2ebeecc6,Debug,1,1,0,0,0,0,true,false,false,true,false,false
jdk,1f39fa9e58eadc60e1b87f3b5f78369d2ebeecc6,HotSpotResolvedJavaFieldTest,0,0,0,0,0,0,true,true,true,true,true,true
jdk,1f39fa9e58eadc60e1b87f3b5f78369d2ebeecc6,JLModule,0,0,0,0,0,0,true,true,true,true,true,true
jdk,1f39fa9e58eadc60e1b87f3b5f78369d2ebeecc6,AESCryptSubstitutions,0,0,0,0,0,0,true,true,true,true,true,true
jdk,1f39fa9e58eadc60e1b87f3b5f78369d2ebeecc6,JNIELFTargetInfo,1,1,0,0,0,0,true,false,false,true,false,false
jdk,1f39fa9e58eadc60e1b87f3b5f78369d2ebeecc6,GraphDumper,1,1,0,0,0,0,true,false,false,true,false,false
jdk,1f39fa9e58eadc60e1b87f3b5f78369d2ebeecc6,CheckGraalIntrinsics,0,0,0,0,0,0,true,true,true,true,true,true
jdk,1f39fa9e58eadc60e1b87f3b5f78369d2ebeecc6,Unsafe_compareAndSwap,0,0,0,0,0,0,true,true,true,true,true,true
jdk,1f39fa9e58eadc60e1b87f3b5f78369d2ebeecc6,LoaderConstraintEntry,1,1,0,0,0,0,true,false,false,true,false,false
jdk,1f39fa9e58eadc60e1b87f3b5f78369d2ebeecc6,UnsafeAccess01,0,0,0,0,0,0,true,true,true,true,true,true
jdk,1f39fa9e58eadc60e1b87f3b5f78369d2ebeecc6,UnsafeDeopt,0,0,0,0,0,0,true,true,true,true,true,true
jdk,1f39fa9e58eadc60e1b87f3b5f78369d2ebeecc6,AllocSpy,0,0,0,0,0,0,true,true,true,true,true,true
jdk,1f39fa9e58eadc60e1b87f3b5f78369d2ebeecc6,ReplacementsUtil,0,0,0,0,0,0,true,true,true,true,true,true
jdk,1f39fa9e58eadc60e1b87f3b5f78369d2ebeecc6,OptionValue,1,1,0,0,0,0,true,false,false,true,false,false
jdk,1f39fa9e58eadc60e1b87f3b5f78369d2ebeecc6,Main,0,0,0,0,0,0,true,true,true,true,true,true
jdk,1f39fa9e58eadc60e1b87f3b5f78369d2ebeecc6,Word,0,0,0,0,0,0,true,true,true,true,true,true
jdk,1f39fa9e58eadc60e1b87f3b5f78369d2ebeecc6,InvocationPlugins,0,0,0,0,0,0,true,true,true,true,true,true
jdk,1f39fa9e58eadc60e1b87f3b5f78369d2ebeecc6,HotSpotGraalConstantFieldProvider,0,0,0,0,0,0,true,true,true,true,true,true
jdk,1f39fa9e58eadc60e1b87f3b5f78369d2ebeecc6,HotSpotMethodHandleAccessProvider,0,0,0,0,0,0,true,true,true,true,true,true
jdk,1f39fa9e58eadc60e1b87f3b5f78369d2ebeecc6,ProtectionDomainCacheEntry,1,1,0,0,0,0,true,false,false,true,false,false
jdk,1f39fa9e58eadc60e1b87f3b5f78369d2ebeecc6,PlaceholderEntry,1,1,0,0,0,0,true,false,false,true,false,false
jdk,1f39fa9e58eadc60e1b87f3b5f78369d2ebeecc6,ConditionalEliminationLoadFieldConstantFoldTest,1,1,0,0,0,0,true,false,false,true,false,false
jdk,1f39fa9e58eadc60e1b87f3b5f78369d2ebeecc6,ClassLoaderData,0,0,0,0,0,0,true,true,true,true,true,true
jdk,1f39fa9e58eadc60e1b87f3b5f78369d2ebeecc6,InlineGraalDirectivesPlugin,1,1,0,0,0,0,true,false,false,true,false,false
jdk,1f39fa9e58eadc60e1b87f3b5f78369d2ebeecc6,ProtectionDomainEntry,1,1,0,0,0,0,true,false,false,true,false,false
jdk,1f39fa9e58eadc60e1b87f3b5f78369d2ebeecc6,Unsafe_compareAndSwapNullCheck,0,0,0,0,0,0,true,true,true,true,true,true
jdk,dd460203f4dc98eaece39728deb957d63fd999cc,UnsafeEATest,0,0,0,0,0,0,true,true,true,true,true,true
jdk,792b65cd445eaf2d056701060ddf566270b92df9,DTMManager,0,0,0,0,0,0,true,true,true,true,true,true
jdk,0a79d06e97edd75047db89d54e7246c98c90317e,IllegalAccessLogger,0,0,0,0,0,0,true,true,true,true,true,true
jdk,4771f81a6dfda8fa958670fbde9c96d8bc6ad505,CheckGraalIntrinsics,0,0,0,0,0,0,true,true,true,true,true,true
jdk,573dafdea13c41547978ae5135b0bc111a3a7f3f,JDKPlatformProvider,1,1,0,0,0,0,true,false,false,true,false,false
jdk,573dafdea13c41547978ae5135b0bc111a3a7f3f,ThreadLocalRandom,0,0,0,0,0,0,true,true,true,true,true,true
jdk,573dafdea13c41547978ae5135b0bc111a3a7f3f,ClassLoaderTest,0,0,0,0,0,0,true,true,true,true,true,true
jdk,5a0726a47a87615a24ce5ec91029036c1d491ce0,SecurityManager,0,0,0,0,0,0,true,true,true,true,true,true
jdk,5a0726a47a87615a24ce5ec91029036c1d491ce0,PropMap,0,0,0,0,0,0,true,true,true,true,true,true
jdk,36b23cad4725ae42f80f7a706d0b1207ce53c141,ModuleAPI,0,0,0,0,0,0,true,true,true,true,true,true
jdk,36b23cad4725ae42f80f7a706d0b1207ce53c141,Services,0,0,0,0,0,0,true,true,true,true,true,true
jdk,36b23cad4725ae42f80f7a706d0b1207ce53c141,UITesting,0,0,0,0,0,0,true,true,true,true,true,true
jdk,36b23cad4725ae42f80f7a706d0b1207ce53c141,PasswordGenerator,1,1,0,0,0,0,true,false,false,true,false,false
jdk,36b23cad4725ae42f80f7a706d0b1207ce53c141,AESCryptSubstitutions,0,0,0,0,0,0,true,true,true,true,true,true
jdk,36b23cad4725ae42f80f7a706d0b1207ce53c141,invoker,1,1,0,0,0,0,true,false,false,true,false,false
jdk,36b23cad4725ae42f80f7a706d0b1207ce53c141,Poller,1,1,0,0,0,0,true,false,false,true,false,false
jdk,36b23cad4725ae42f80f7a706d0b1207ce53c141,HttpClient,0,0,0,0,0,0,true,true,true,true,true,true
jdk,36b23cad4725ae42f80f7a706d0b1207ce53c141,NTLMAuthentication,0,0,0,0,0,0,true,true,true,true,true,true
jdk,36b23cad4725ae42f80f7a706d0b1207ce53c141,ScanManager,1,1,0,0,0,0,true,false,false,true,false,false
jdk,36b23cad4725ae42f80f7a706d0b1207ce53c141,MergedTabShiftTabTest,1,1,0,0,0,0,true,false,false,true,false,false
jdk,d4f0061790c809657181aba8d0a81781c25e24e7,Context,0,0,0,0,0,0,true,true,true,true,true,true
jdk,d4f0061790c809657181aba8d0a81781c25e24e7,SecurityManager,0,0,0,0,0,0,true,true,true,true,true,true
jdk,d4f0061790c809657181aba8d0a81781c25e24e7,MergedTabShiftTabTest,0,0,0,0,0,0,true,true,true,true,true,true
jdk,d4f0061790c809657181aba8d0a81781c25e24e7,JLRModule,1,1,0,0,0,0,true,false,false,true,false,false
jdk,d4f0061790c809657181aba8d0a81781c25e24e7,ToolProvider,0,0,0,0,0,0,true,true,true,true,true,true
jdk,d4f0061790c809657181aba8d0a81781c25e24e7,BootLoader,0,0,0,0,0,0,true,true,true,true,true,true
jdk,d4f0061790c809657181aba8d0a81781c25e24e7,Module,1,1,0,0,0,0,true,false,false,true,false,false
jdk,c6675bd02f24af1fb4c47094cd70ba8d1c8fa416,ModuleDescriptor,0,0,0,0,0,0,true,true,true,true,true,true
jdk,c6675bd02f24af1fb4c47094cd70ba8d1c8fa416,Module,0,0,0,0,0,0,true,true,true,true,true,true
jdk,3ff7e077ea5520b7e0cddd5238f6099b7319527e,JLRModule,1,1,0,0,0,0,true,false,false,true,false,false
jdk,3ff7e077ea5520b7e0cddd5238f6099b7319527e,HotSpotMethodHandleAccessProvider,1,1,0,0,0,0,true,false,false,true,false,false
jdk,3ff7e077ea5520b7e0cddd5238f6099b7319527e,HotSpotJVMCIRuntime,1,1,0,0,0,0,true,false,false,true,false,false
jdk,3ff7e077ea5520b7e0cddd5238f6099b7319527e,DegeneratedLoopsTest,1,1,0,0,0,0,true,false,false,true,false,false
jdk,3ff7e077ea5520b7e0cddd5238f6099b7319527e,HotSpotConstantPool,1,1,0,0,0,0,true,false,false,true,false,false
jdk,3ff7e077ea5520b7e0cddd5238f6099b7319527e,LIRInstruction,1,1,0,0,0,0,true,false,false,true,false,false
jdk,3ff7e077ea5520b7e0cddd5238f6099b7319527e,MaterializeVirtualObjectTest,0,0,0,0,0,0,true,true,true,true,true,true
jdk,3ff7e077ea5520b7e0cddd5238f6099b7319527e,Unsafe_compareAndSwapNullCheck,1,1,0,0,0,0,true,false,false,true,false,false
jdk,3ff7e077ea5520b7e0cddd5238f6099b7319527e,Services,1,1,0,0,0,0,true,false,false,true,false,false
jdk,3ff7e077ea5520b7e0cddd5238f6099b7319527e,UnsafeDeopt,1,1,0,0,0,0,true,false,false,true,false,false
jdk,3ff7e077ea5520b7e0cddd5238f6099b7319527e,SHASubstitutions,1,1,0,0,0,0,true,false,false,true,false,false
jdk,3ff7e077ea5520b7e0cddd5238f6099b7319527e,Word,1,1,0,0,0,0,true,false,false,true,false,false
jdk,3ff7e077ea5520b7e0cddd5238f6099b7319527e,ModuleAPI,1,1,0,0,0,0,true,false,false,true,false,false
jdk,3ff7e077ea5520b7e0cddd5238f6099b7319527e,MethodHandleEagerResolution,1,1,0,0,0,0,true,false,false,true,false,false
jdk,3ff7e077ea5520b7e0cddd5238f6099b7319527e,CheckGraalIntrinsics,1,1,0,0,0,0,true,false,false,true,false,false
jdk,3ff7e077ea5520b7e0cddd5238f6099b7319527e,Field_get03,1,1,0,0,0,0,true,false,false,true,false,false
jdk,3ff7e077ea5520b7e0cddd5238f6099b7319527e,HotSpotHostForeignCallsProvider,1,1,0,0,0,0,true,false,false,true,false,false
jdk,3ff7e077ea5520b7e0cddd5238f6099b7319527e,ReplaceConstantNodesPhase,1,1,0,0,0,0,true,false,false,true,false,false
jdk,3ff7e077ea5520b7e0cddd5238f6099b7319527e,EnumMap01,1,1,0,0,0,0,true,false,false,true,false,false
jdk,3ff7e077ea5520b7e0cddd5238f6099b7319527e,ConditionalEliminationLoadFieldConstantFoldTest,1,1,0,0,0,0,true,false,false,true,false,false
jdk,3ff7e077ea5520b7e0cddd5238f6099b7319527e,OptionValue,1,1,0,0,0,0,true,false,false,true,false,false
jdk,3ff7e077ea5520b7e0cddd5238f6099b7319527e,CompilationTask,1,1,0,0,0,0,true,false,false,true,false,false
jdk,3ff7e077ea5520b7e0cddd5238f6099b7319527e,XToolkit,0,0,0,0,0,0,true,true,true,true,true,true
jdk,3ff7e077ea5520b7e0cddd5238f6099b7319527e,Debug,1,1,0,0,0,0,true,false,false,true,false,false
jdk,3ff7e077ea5520b7e0cddd5238f6099b7319527e,TTY,1,1,0,0,0,0,true,false,false,true,false,false
jdk,3ff7e077ea5520b7e0cddd5238f6099b7319527e,CFGPrinterObserver,1,1,0,0,0,0,true,false,false,true,false,false
jdk,3ff7e077ea5520b7e0cddd5238f6099b7319527e,ArrayCopy04,1,1,0,0,0,0,true,false,false,true,false,false
jdk,3ff7e077ea5520b7e0cddd5238f6099b7319527e,HotSpotGraalConstantFieldProvider,1,1,0,0,0,0,true,false,false,true,false,false
jdk,3ff7e077ea5520b7e0cddd5238f6099b7319527e,Unsafe_compareAndSwap,1,1,0,0,0,0,true,false,false,true,false,false
jdk,3ff7e077ea5520b7e0cddd5238f6099b7319527e,HotSpotCompiledCodeBuilder,1,1,0,0,0,0,true,false,false,true,false,false
jdk,3ff7e077ea5520b7e0cddd5238f6099b7319527e,Bytecodes,1,1,0,0,0,0,true,false,false,true,false,false
jdk,3ff7e077ea5520b7e0cddd5238f6099b7319527e,StandardGraphBuilderPlugins,1,1,0,0,0,0,true,false,false,true,false,false
jdk,3ff7e077ea5520b7e0cddd5238f6099b7319527e,WriteBarrierAdditionTest,1,1,0,0,0,0,true,false,false,true,false,false
jdk,3ff7e077ea5520b7e0cddd5238f6099b7319527e,AESCryptSubstitutions,1,1,0,0,0,0,true,false,false,true,false,false
jdk,3ff7e077ea5520b7e0cddd5238f6099b7319527e,FloatConvertNode,1,1,0,0,0,0,true,false,false,true,false,false
jdk,3ff7e077ea5520b7e0cddd5238f6099b7319527e,RecursiveInliningTest,1,1,0,0,0,0,true,false,false,true,false,false
jdk,3ff7e077ea5520b7e0cddd5238f6099b7319527e,JVMCI,1,1,0,0,0,0,true,false,false,true,false,false
jdk,3ff7e077ea5520b7e0cddd5238f6099b7319527e,DefaultHotSpotLoweringProvider,1,1,0,0,0,0,true,false,false,true,false,false
jdk,3ff7e077ea5520b7e0cddd5238f6099b7319527e,SPARCLIRInstructionMixin,1,1,0,0,0,0,true,false,false,true,false,false
jdk,3ff7e077ea5520b7e0cddd5238f6099b7319527e,FingerprintUtil,1,1,0,0,0,0,true,false,false,true,false,false
jdk,3ff7e077ea5520b7e0cddd5238f6099b7319527e,ArrayCopy03,1,1,0,0,0,0,true,false,false,true,false,false
jdk,3ff7e077ea5520b7e0cddd5238f6099b7319527e,InvocationPlugins,1,1,0,0,0,0,true,false,false,true,false,false
jdk,3ff7e077ea5520b7e0cddd5238f6099b7319527e,SHA5Substitutions,1,1,0,0,0,0,true,false,false,true,false,false
jdk,3ff7e077ea5520b7e0cddd5238f6099b7319527e,CipherBlockChainingSubstitutions,1,1,0,0,0,0,true,false,false,true,false,false
jdk,3ff7e077ea5520b7e0cddd5238f6099b7319527e,ArrayCopySnippets,1,1,0,0,0,0,true,false,false,true,false,false
jdk,3ff7e077ea5520b7e0cddd5238f6099b7319527e,HotSpotGraphBuilderPlugins,1,1,0,0,0,0,true,false,false,true,false,false
jdk,3ff7e077ea5520b7e0cddd5238f6099b7319527e,HotSpotResolvedJavaFieldTest,1,1,0,0,0,0,true,false,false,true,false,false
jdk,3ff7e077ea5520b7e0cddd5238f6099b7319527e,CompilerToVM,1,1,0,0,0,0,true,false,false,true,false,false
jdk,3ff7e077ea5520b7e0cddd5238f6099b7319527e,ArrayCopy05,1,1,0,0,0,0,true,false,false,true,false,false
jdk,3ff7e077ea5520b7e0cddd5238f6099b7319527e,PEReadEliminationClosure,1,1,0,0,0,0,true,false,false,true,false,false
jdk,3ff7e077ea5520b7e0cddd5238f6099b7319527e,StampFactory,1,1,0,0,0,0,true,false,false,true,false,false
jdk,3ff7e077ea5520b7e0cddd5238f6099b7319527e,HexCodeFileDisassemblerProvider,1,1,0,0,0,0,true,false,false,true,false,false
jdk,3ff7e077ea5520b7e0cddd5238f6099b7319527e,GraphDumper,1,1,0,0,0,0,true,false,false,true,false,false
jdk,3ff7e077ea5520b7e0cddd5238f6099b7319527e,ArrayCopy02,1,1,0,0,0,0,true,false,false,true,false,false
jdk,3ff7e077ea5520b7e0cddd5238f6099b7319527e,VerifyBailoutUsage,1,1,0,0,0,0,true,false,false,true,false,false
jdk,3ff7e077ea5520b7e0cddd5238f6099b7319527e,HotSpotMethodData,1,1,0,0,0,0,true,false,false,true,false,false
jdk,3ff7e077ea5520b7e0cddd5238f6099b7319527e,ObjectCloneSnippets,1,1,0,0,0,0,true,false,false,true,false,false
jdk,3ff7e077ea5520b7e0cddd5238f6099b7319527e,SPARCAssembler,1,1,0,0,0,0,true,false,false,true,false,false
jdk,3ff7e077ea5520b7e0cddd5238f6099b7319527e,ArrayCopy06,1,1,0,0,0,0,true,false,false,true,false,false
jdk,3ff7e077ea5520b7e0cddd5238f6099b7319527e,MemoryArithmeticTest,1,1,0,0,0,0,true,false,false,true,false,false
jdk,3ff7e077ea5520b7e0cddd5238f6099b7319527e,InterfaceMethodHandleTest,1,1,0,0,0,0,true,false,false,true,false,false
jdk,3ff7e077ea5520b7e0cddd5238f6099b7319527e,Test6823354,1,1,0,0,0,0,true,false,false,true,false,false
jdk,3ff7e077ea5520b7e0cddd5238f6099b7319527e,SPARCInstructionCounter,1,1,0,0,0,0,true,false,false,true,false,false
jdk,3ff7e077ea5520b7e0cddd5238f6099b7319527e,ReplacementsUtil,1,1,0,0,0,0,true,false,false,true,false,false
jdk,3ff7e077ea5520b7e0cddd5238f6099b7319527e,ArrayCopy01,1,1,0,0,0,0,true,false,false,true,false,false
jdk,3ff7e077ea5520b7e0cddd5238f6099b7319527e,UnsafeEATest,1,1,0,0,0,0,true,false,false,true,false,false
jdk,3ff7e077ea5520b7e0cddd5238f6099b7319527e,UnsafeReadEliminationTest,1,1,0,0,0,0,true,false,false,true,false,false
jdk,3ff7e077ea5520b7e0cddd5238f6099b7319527e,UnsafeAccess01,1,1,0,0,0,0,true,false,false,true,false,false
jdk,3ff7e077ea5520b7e0cddd5238f6099b7319527e,SHA2Substitutions,1,1,0,0,0,0,true,false,false,true,false,false
jdk,3ff7e077ea5520b7e0cddd5238f6099b7319527e,AllocSpy,1,1,0,0,0,0,true,false,false,true,false,false
jdk,3ff7e077ea5520b7e0cddd5238f6099b7319527e,TimeSource,1,1,0,0,0,0,true,false,false,true,false,false
jdk,3ff7e077ea5520b7e0cddd5238f6099b7319527e,GraalTest,1,1,0,0,0,0,true,false,false,true,false,false
jdk,3ff7e077ea5520b7e0cddd5238f6099b7319527e,InlineGraalDirectivesPlugin,1,1,0,0,0,0,true,false,false,true,false,false
jdk,4e1bc5c2a910df3516a82532ca760c29b7903eab,RMIConnector,0,0,0,0,0,0,true,true,true,true,true,true
jdk,4e1bc5c2a910df3516a82532ca760c29b7903eab,MutableFieldsAnalyzer,0,0,0,0,0,0,true,true,true,true,true,true
jdk,4e1bc5c2a910df3516a82532ca760c29b7903eab,Injector,0,0,0,0,0,0,true,true,true,true,true,true
jdk,4e1bc5c2a910df3516a82532ca760c29b7903eab,MethodUtil,0,0,0,0,0,0,true,true,true,true,true,true
jdk,4e1bc5c2a910df3516a82532ca760c29b7903eab,LocalsCrash,1,1,0,0,0,0,true,false,false,true,false,false
jdk,4e1bc5c2a910df3516a82532ca760c29b7903eab,MethodUtil,0,0,0,0,0,0,true,true,true,true,true,true
jdk,4e1bc5c2a910df3516a82532ca760c29b7903eab,ToStream,0,0,0,0,0,0,true,true,true,true,true,true
jdk,4e1bc5c2a910df3516a82532ca760c29b7903eab,MethodUtil,0,0,0,0,0,0,true,true,true,true,true,true
jdk,4e1bc5c2a910df3516a82532ca760c29b7903eab,EllipticCurvesExtension,0,0,0,0,0,0,true,true,true,true,true,true
jdk,4e1bc5c2a910df3516a82532ca760c29b7903eab,ModuleDescriptor,0,0,0,0,0,0,true,true,true,true,true,true
jdk,4e1bc5c2a910df3516a82532ca760c29b7903eab,GenGraphs,0,0,0,0,0,0,true,true,true,true,true,true
jdk,4e1bc5c2a910df3516a82532ca760c29b7903eab,LocalsAndOperands,0,0,0,0,0,0,true,true,true,true,true,true
jdk,4e1bc5c2a910df3516a82532ca760c29b7903eab,SystemModuleFinder,0,0,0,0,0,0,true,true,true,true,true,true
jdk,4e1bc5c2a910df3516a82532ca760c29b7903eab,Injector,0,0,0,0,0,0,true,true,true,true,true,true
jdk,4e1bc5c2a910df3516a82532ca760c29b7903eab,Main,1,1,0,0,0,0,true,false,false,true,false,false
jdk,4e1bc5c2a910df3516a82532ca760c29b7903eab,DetectMutableStaticFields,0,0,0,0,0,0,true,true,true,true,true,true
jdk,e62c1a127e1fced179b88ad2840970e63b98994f,CheckGraalIntrinsics,0,0,0,0,0,0,true,true,true,true,true,true
jdk,063286a618d813dfc81b64cdeb02f75f9a2422d8,ModuleAPI,2,2,0,1,1,0,true,false,false,true,false,false
jdk,063286a618d813dfc81b64cdeb02f75f9a2422d8,InvocationPlugins,5,5,0,0,0,0,true,false,false,true,false,false
jdk,9f4f582c70199bdef03324ce796a9496738a70b4,OverloadCompileQueueTest,0,0,0,0,0,0,true,true,true,true,true,true
jdk,9f4f582c70199bdef03324ce796a9496738a70b4,Utils,0,0,0,0,0,0,true,true,true,true,true,true
jdk,9f4f582c70199bdef03324ce796a9496738a70b4,NonTieredLevelsTest,0,0,0,0,0,0,true,true,true,true,true,true
jdk,958e42d82d25dcab301c754b3973877e6e3aace5,Agent,1,1,0,0,0,0,true,false,false,true,false,false
jdk,958e42d82d25dcab301c754b3973877e6e3aace5,PerfDataFile,1,1,0,0,0,0,true,false,false,true,false,false
jdk,84d47187245f2ea3a1a44c456b1a6f67f9edd91e,ReplayCacheTestProc,0,0,0,0,0,0,true,true,true,true,true,true
jdk,199b53c0b1cc64af764528eabb1bd9d331610c77,TestVectorizationWithInvariant,0,0,0,0,0,0,true,true,true,true,true,true
jdk,3fce58ee717aeff39ef0fe66387b77a5ffe9569f,ExtensionsWithLDAP,0,0,0,0,0,0,true,true,true,true,true,true
jdk,3fce58ee717aeff39ef0fe66387b77a5ffe9569f,MethodHandleStatics,0,0,0,0,0,0,true,true,true,true,true,true
jdk,3fce58ee717aeff39ef0fe66387b77a5ffe9569f,AsmPluginTestBase,1,1,0,0,0,0,true,false,false,true,false,false
jdk,6a75ca740badca47f878368b42b081d42d1814a4,TestIntUnsafeOrdered,0,0,0,0,0,0,true,true,true,true,true,true
jdk,6a75ca740badca47f878368b42b081d42d1814a4,ConstantPoolTestsHelper,0,0,0,0,0,0,true,true,true,true,true,true
jdk,6a75ca740badca47f878368b42b081d42d1814a4,Test8011901,0,0,0,0,0,0,true,true,true,true,true,true
jdk,9c19524f2cdd875d945fa5721e137202d294c0d5,GioFileTypeDetector,1,1,0,0,0,0,true,false,false,true,false,false
jdk,9c19524f2cdd875d945fa5721e137202d294c0d5,ImagePluginConfiguration,1,1,0,0,0,0,true,false,false,true,false,false
jdk,47b35cab0e1de9af049b15c46a92c0d7bb06e081,WhiteBox,1,1,0,0,0,0,true,false,false,true,false,false
jdk,2ad8a47677a345bcecfbe07d6c96781d77e2673c,StringConcatFactory,0,0,0,0,0,0,true,true,true,true,true,true
jdk,74c006ac7ffb2d3f617a4c5d6c80040cd7807873,IntStreamTestDataProvider,0,0,0,0,0,0,true,true,true,true,true,true
jdk,74c006ac7ffb2d3f617a4c5d6c80040cd7807873,T8139885,1,1,0,0,0,0,true,false,false,true,false,false
jdk,74c006ac7ffb2d3f617a4c5d6c80040cd7807873,JShellTool,0,0,0,0,0,0,true,true,true,true,true,true
jdk,74c006ac7ffb2d3f617a4c5d6c80040cd7807873,StreamTestDataProvider,0,0,0,0,0,0,true,true,true,true,true,true
jdk,74c006ac7ffb2d3f617a4c5d6c80040cd7807873,DoubleStreamTestDataProvider,0,0,0,0,0,0,true,true,true,true,true,true
jdk,74c006ac7ffb2d3f617a4c5d6c80040cd7807873,LongStreamTestDataProvider,0,0,0,0,0,0,true,true,true,true,true,true
jdk,74c006ac7ffb2d3f617a4c5d6c80040cd7807873,ThreadLocalRandom,0,0,0,0,0,0,true,true,true,true,true,true
jdk,74c006ac7ffb2d3f617a4c5d6c80040cd7807873,SocketImpl,0,0,0,0,0,0,true,true,true,true,true,true
jdk,74c006ac7ffb2d3f617a4c5d6c80040cd7807873,JarFile,0,0,0,0,0,0,true,true,true,true,true,true
jdk,74c006ac7ffb2d3f617a4c5d6c80040cd7807873,DatagramSocketImpl,0,0,0,0,0,0,true,true,true,true,true,true
jdk,132e2175246ee3aabbd2d2d45841ba77035219ab,StreamTestDataProvider,0,0,0,0,0,0,true,true,true,true,true,true
jdk,132e2175246ee3aabbd2d2d45841ba77035219ab,LongStreamTestDataProvider,0,0,0,0,0,0,true,true,true,true,true,true
jdk,132e2175246ee3aabbd2d2d45841ba77035219ab,ConstantPoolTestsHelper,0,0,0,0,0,0,true,true,true,true,true,true
jdk,132e2175246ee3aabbd2d2d45841ba77035219ab,JarFile,0,0,0,0,0,0,true,true,true,true,true,true
jdk,132e2175246ee3aabbd2d2d45841ba77035219ab,DatagramSocketImpl,0,0,0,0,0,0,true,true,true,true,true,true
jdk,132e2175246ee3aabbd2d2d45841ba77035219ab,IntStreamTestDataProvider,0,0,0,0,0,0,true,true,true,true,true,true
jdk,132e2175246ee3aabbd2d2d45841ba77035219ab,T8139885,1,1,0,0,0,0,true,false,false,true,false,false
jdk,132e2175246ee3aabbd2d2d45841ba77035219ab,DoubleStreamTestDataProvider,0,0,0,0,0,0,true,true,true,true,true,true
jdk,132e2175246ee3aabbd2d2d45841ba77035219ab,ThreadLocalRandom,0,0,0,0,0,0,true,true,true,true,true,true
jdk,132e2175246ee3aabbd2d2d45841ba77035219ab,SocketImpl,0,0,0,0,0,0,true,true,true,true,true,true
jdk,54d01819164405ba15a9a462e5f10f0b4d1577ba,ThreadLocalAllocBuffer,1,1,0,0,0,0,true,false,false,true,false,false
jdk,54d01819164405ba15a9a462e5f10f0b4d1577ba,U2Array,1,1,0,0,0,0,true,false,false,true,false,false
jdk,54d01819164405ba15a9a462e5f10f0b4d1577ba,RootNode,1,1,0,0,0,0,true,false,false,true,false,false
jdk,54d01819164405ba15a9a462e5f10f0b4d1577ba,Node_List,1,1,0,0,0,0,true,false,false,true,false,false
jdk,54d01819164405ba15a9a462e5f10f0b4d1577ba,InstanceMirrorKlass,1,1,0,0,0,0,true,false,false,true,false,false
jdk,54d01819164405ba15a9a462e5f10f0b4d1577ba,RuntimeStub,1,1,0,0,0,0,true,false,false,true,false,false
jdk,54d01819164405ba15a9a462e5f10f0b4d1577ba,SingletonBlob,1,1,0,0,0,0,true,false,false,true,false,false
jdk,54d01819164405ba15a9a462e5f10f0b4d1577ba,RegionNode,1,1,0,0,0,0,true,false,false,true,false,false
jdk,54d01819164405ba15a9a462e5f10f0b4d1577ba,Block_Array,1,1,0,0,0,0,true,false,false,true,false,false
jdk,54d01819164405ba15a9a462e5f10f0b4d1577ba,MachNode,1,1,0,0,0,0,true,false,false,true,false,false
jdk,54d01819164405ba15a9a462e5f10f0b4d1577ba,Compile,1,1,0,0,0,0,true,false,false,true,false,false
jdk,54d01819164405ba15a9a462e5f10f0b4d1577ba,HeapRegion,1,1,0,0,0,0,true,false,false,true,false,false
jdk,54d01819164405ba15a9a462e5f10f0b4d1577ba,CheckedExceptionElement,1,1,0,0,0,0,true,false,false,true,false,false
jdk,54d01819164405ba15a9a462e5f10f0b4d1577ba,ByteCodeRewriter,1,1,0,0,0,0,true,false,false,true,false,false
jdk,54d01819164405ba15a9a462e5f10f0b4d1577ba,ConnectorImpl,1,1,0,0,0,0,true,false,false,true,false,false
jdk,54d01819164405ba15a9a462e5f10f0b4d1577ba,SPARCRegisterMap,1,1,0,0,0,0,true,false,false,true,false,false
jdk,54d01819164405ba15a9a462e5f10f0b4d1577ba,HeapRegionSetBase,1,1,0,0,0,0,true,false,false,true,false,false
jdk,54d01819164405ba15a9a462e5f10f0b4d1577ba,StubRoutines,1,1,0,0,0,0,true,false,false,true,false,false
jdk,54d01819164405ba15a9a462e5f10f0b4d1577ba,PhaseRegAlloc,1,1,0,0,0,0,true,false,false,true,false,false
jdk,54d01819164405ba15a9a462e5f10f0b4d1577ba,AFLBinaryTreeDictionary,1,1,0,0,0,0,true,false,false,true,false,false
jdk,54d01819164405ba15a9a462e5f10f0b4d1577ba,CompileTask,1,1,0,0,0,0,true,false,false,true,false,false
jdk,54d01819164405ba15a9a462e5f10f0b4d1577ba,HeapBlock,1,1,0,0,0,0,true,false,false,true,false,false
jdk,54d01819164405ba15a9a462e5f10f0b4d1577ba,Interpreter,1,1,0,0,0,0,true,false,false,true,false,false
jdk,54d01819164405ba15a9a462e5f10f0b4d1577ba,UncommonTrapBlob,1,1,0,0,0,0,true,false,false,true,false,false
jdk,54d01819164405ba15a9a462e5f10f0b4d1577ba,ProjNode,1,1,0,0,0,0,true,false,false,true,false,false
jdk,54d01819164405ba15a9a462e5f10f0b4d1577ba,SPARCRegisters,1,1,0,0,0,0,true,false,false,true,false,false
jdk,54d01819164405ba15a9a462e5f10f0b4d1577ba,KlassArray,1,1,0,0,0,0,true,false,false,true,false,false
jdk,54d01819164405ba15a9a462e5f10f0b4d1577ba,ObjectSynchronizer,1,1,0,0,0,0,true,false,false,true,false,false
jdk,54d01819164405ba15a9a462e5f10f0b4d1577ba,SolarisX86JavaThreadPDAccess,1,1,0,0,0,0,true,false,false,true,false,false
jdk,54d01819164405ba15a9a462e5f10f0b4d1577ba,Universe,1,1,0,0,0,0,true,false,false,true,false,false
jdk,54d01819164405ba15a9a462e5f10f0b4d1577ba,CallJavaNode,1,1,0,0,0,0,true,false,false,true,false,false
jdk,54d01819164405ba15a9a462e5f10f0b4d1577ba,ObjectHeap,1,1,0,0,0,0,true,false,false,true,false,false
jdk,54d01819164405ba15a9a462e5f10f0b4d1577ba,MachCallStaticJavaNode,1,1,0,0,0,0,true,false,false,true,false,false
jdk,54d01819164405ba15a9a462e5f10f0b4d1577ba,ParallelScavengeHeap,1,1,0,0,0,0,true,false,false,true,false,false
jdk,54d01819164405ba15a9a462e5f10f0b4d1577ba,ProcDebuggerLocal,1,1,0,0,0,0,true,false,false,true,false,false
jdk,54d01819164405ba15a9a462e5f10f0b4d1577ba,ciBaseObject,1,1,0,0,0,0,true,false,false,true,false,false
jdk,54d01819164405ba15a9a462e5f10f0b4d1577ba,JvmtiExport,1,1,0,0,0,0,true,false,false,true,false,false
jdk,54d01819164405ba15a9a462e5f10f0b4d1577ba,BytecodeDisassembler,1,1,0,0,0,0,true,false,false,true,false,false
jdk,54d01819164405ba15a9a462e5f10f0b4d1577ba,BasicTypeDataBase,1,1,0,0,0,0,true,false,false,true,false,false
jdk,54d01819164405ba15a9a462e5f10f0b4d1577ba,Bytecodes,1,1,0,0,0,0,true,false,false,true,false,false
jdk,54d01819164405ba15a9a462e5f10f0b4d1577ba,CompilerThread,1,1,0,0,0,0,true,false,false,true,false,false
jdk,54d01819164405ba15a9a462e5f10f0b4d1577ba,Block_List,1,1,0,0,0,0,true,false,false,true,false,false
jdk,54d01819164405ba15a9a462e5f10f0b4d1577ba,SolarisSPARCJavaThreadPDAccess,1,1,0,0,0,0,true,false,false,true,false,false
jdk,54d01819164405ba15a9a462e5f10f0b4d1577ba,ConstantPool,1,1,0,0,0,0,true,false,false,true,false,false
jdk,54d01819164405ba15a9a462e5f10f0b4d1577ba,Method,1,1,0,0,0,0,true,false,false,true,false,false
jdk,54d01819164405ba15a9a462e5f10f0b4d1577ba,ObjArrayKlass,1,1,0,0,0,0,true,false,false,true,false,false
jdk,54d01819164405ba15a9a462e5f10f0b4d1577ba,ciInstance,1,1,0,0,0,0,true,false,false,true,false,false
jdk,54d01819164405ba15a9a462e5f10f0b4d1577ba,VM,1,1,0,0,0,0,true,false,false,true,false,false
jdk,54d01819164405ba15a9a462e5f10f0b4d1577ba,SolarisAMD64JavaThreadPDAccess,1,1,0,0,0,0,true,false,false,true,false,false
jdk,54d01819164405ba15a9a462e5f10f0b4d1577ba,SASanityChecker,1,1,0,0,0,0,true,false,false,true,false,false
jdk,54d01819164405ba15a9a462e5f10f0b4d1577ba,MethodHandlesAdapterBlob,1,1,0,0,0,0,true,false,false,true,false,false
jdk,54d01819164405ba15a9a462e5f10f0b4d1577ba,Node_Array,1,1,0,0,0,0,true,false,false,true,false,false
jdk,54d01819164405ba15a9a462e5f10f0b4d1577ba,PerfMemory,1,1,0,0,0,0,true,false,false,true,false,false
jdk,54d01819164405ba15a9a462e5f10f0b4d1577ba,BsdX86JavaThreadPDAccess,1,1,0,0,0,0,true,false,false,true,false,false
jdk,54d01819164405ba15a9a462e5f10f0b4d1577ba,PerfDataPrologue,1,1,0,0,0,0,true,false,false,true,false,false
jdk,54d01819164405ba15a9a462e5f10f0b4d1577ba,Runtime1,1,1,0,0,0,0,true,false,false,true,false,false
jdk,54d01819164405ba15a9a462e5f10f0b4d1577ba,LinuxDebuggerLocal,1,1,0,0,0,0,true,false,false,true,false,false
jdk,54d01819164405ba15a9a462e5f10f0b4d1577ba,CodeBlob,1,1,0,0,0,0,true,false,false,true,false,false
jdk,54d01819164405ba15a9a462e5f10f0b4d1577ba,IntArray,1,1,0,0,0,0,true,false,false,true,false,false
jdk,54d01819164405ba15a9a462e5f10f0b4d1577ba,JSJavaKlass,1,1,0,0,0,0,true,false,false,true,false,false
jdk,54d01819164405ba15a9a462e5f10f0b4d1577ba,BsdDebuggerLocal,1,1,0,0,0,0,true,false,false,true,false,false
jdk,54d01819164405ba15a9a462e5f10f0b4d1577ba,LinuxX86JavaThreadPDAccess,1,1,0,0,0,0,true,false,false,true,false,false
jdk,54d01819164405ba15a9a462e5f10f0b4d1577ba,RobustOopDeterminator,1,1,0,0,0,0,true,false,false,true,false,false
jdk,54d01819164405ba15a9a462e5f10f0b4d1577ba,MachCallRuntimeNode,1,1,0,0,0,0,true,false,false,true,false,false
jdk,54d01819164405ba15a9a462e5f10f0b4d1577ba,ConstMethod,1,1,0,0,0,0,true,false,false,true,false,false
jdk,54d01819164405ba15a9a462e5f10f0b4d1577ba,PhaseCFG,1,1,0,0,0,0,true,false,false,true,false,false
jdk,54d01819164405ba15a9a462e5f10f0b4d1577ba,CollectedHeap,1,1,0,0,0,0,true,false,false,true,false,false
jdk,54d01819164405ba15a9a462e5f10f0b4d1577ba,JavaCallWrapper,1,1,0,0,0,0,true,false,false,true,false,false
jdk,54d01819164405ba15a9a462e5f10f0b4d1577ba,ciObjArrayKlass,1,1,0,0,0,0,true,false,false,true,false,false
jdk,54d01819164405ba15a9a462e5f10f0b4d1577ba,CodeCache,1,1,0,0,0,0,true,false,false,true,false,false
jdk,54d01819164405ba15a9a462e5f10f0b4d1577ba,Space,1,1,0,0,0,0,true,false,false,true,false,false
jdk,54d01819164405ba15a9a462e5f10f0b4d1577ba,BasicObjectLock,1,1,0,0,0,0,true,false,false,true,false,false
jdk,54d01819164405ba15a9a462e5f10f0b4d1577ba,MachSafePointNode,1,1,0,0,0,0,true,false,false,true,false,false
jdk,54d01819164405ba15a9a462e5f10f0b4d1577ba,ObjArray,1,1,0,0,0,0,true,false,false,true,false,false
jdk,54d01819164405ba15a9a462e5f10f0b4d1577ba,ConstantPoolCacheEntry,1,1,0,0,0,0,true,false,false,true,false,false
jdk,54d01819164405ba15a9a462e5f10f0b4d1577ba,TypeNode,1,1,0,0,0,0,true,false,false,true,false,false
jdk,54d01819164405ba15a9a462e5f10f0b4d1577ba,Oop,1,1,0,0,0,0,true,false,false,true,false,false
jdk,54d01819164405ba15a9a462e5f10f0b4d1577ba,AARCH64JavaCallWrapper,1,1,0,0,0,0,true,false,false,true,false,false
jdk,54d01819164405ba15a9a462e5f10f0b4d1577ba,InstanceClassLoaderKlass,1,1,0,0,0,0,true,false,false,true,false,false
jdk,54d01819164405ba15a9a462e5f10f0b4d1577ba,HotSpotTypeDataBase,1,1,0,0,0,0,true,false,false,true,false,false
jdk,54d01819164405ba15a9a462e5f10f0b4d1577ba,DefNewGeneration,1,1,0,0,0,0,true,false,false,true,false,false
jdk,54d01819164405ba15a9a462e5f10f0b4d1577ba,LinuxAMD64JavaThreadPDAccess,1,1,0,0,0,0,true,false,false,true,false,false
jdk,54d01819164405ba15a9a462e5f10f0b4d1577ba,GrowableArray,1,1,0,0,0,0,true,false,false,true,false,false
jdk,54d01819164405ba15a9a462e5f10f0b4d1577ba,ImmutableOopMapPair,1,1,0,0,0,0,true,false,false,true,false,false
jdk,54d01819164405ba15a9a462e5f10f0b4d1577ba,SafePointNode,1,1,0,0,0,0,true,false,false,true,false,false
jdk,54d01819164405ba15a9a462e5f10f0b4d1577ba,JavaThread,1,1,0,0,0,0,true,false,false,true,false,false
jdk,54d01819164405ba15a9a462e5f10f0b4d1577ba,GenericArray,1,1,0,0,0,0,true,false,false,true,false,false
jdk,54d01819164405ba15a9a462e5f10f0b4d1577ba,BsdAMD64JavaThreadPDAccess,1,1,0,0,0,0,true,false,false,true,false,false
jdk,54d01819164405ba15a9a462e5f10f0b4d1577ba,ciMetadata,1,1,0,0,0,0,true,false,false,true,false,false
jdk,54d01819164405ba15a9a462e5f10f0b4d1577ba,OopMapValue,1,1,0,0,0,0,true,false,false,true,false,false
jdk,54d01819164405ba15a9a462e5f10f0b4d1577ba,MultiNode,1,1,0,0,0,0,true,false,false,true,false,false
jdk,54d01819164405ba15a9a462e5f10f0b4d1577ba,G1HeapRegionTable,1,1,0,0,0,0,true,false,false,true,false,false
jdk,54d01819164405ba15a9a462e5f10f0b4d1577ba,TenuredGeneration,1,1,0,0,0,0,true,false,false,true,false,false
jdk,54d01819164405ba15a9a462e5f10f0b4d1577ba,ciObject,1,1,0,0,0,0,true,false,false,true,false,false
jdk,54d01819164405ba15a9a462e5f10f0b4d1577ba,X86JavaCallWrapper,1,1,0,0,0,0,true,false,false,true,false,false
jdk,54d01819164405ba15a9a462e5f10f0b4d1577ba,ciArrayKlass,1,1,0,0,0,0,true,false,false,true,false,false
jdk,54d01819164405ba15a9a462e5f10f0b4d1577ba,VMRegImpl,1,1,0,0,0,0,true,false,false,true,false,false
jdk,54d01819164405ba15a9a462e5f10f0b4d1577ba,Generation,1,1,0,0,0,0,true,false,false,true,false,false
jdk,54d01819164405ba15a9a462e5f10f0b4d1577ba,ObjectMonitor,1,1,0,0,0,0,true,false,false,true,false,false
jdk,54d01819164405ba15a9a462e5f10f0b4d1577ba,InstanceKlass,1,1,0,0,0,0,true,false,false,true,false,false
jdk,54d01819164405ba15a9a462e5f10f0b4d1577ba,LoopNode,1,1,0,0,0,0,true,false,false,true,false,false
jdk,54d01819164405ba15a9a462e5f10f0b4d1577ba,PPC64Frame,1,1,0,0,0,0,true,false,false,true,false,false
jdk,54d01819164405ba15a9a462e5f10f0b4d1577ba,GenerationFactory,1,1,0,0,0,0,true,false,false,true,false,false
jdk,54d01819164405ba15a9a462e5f10f0b4d1577ba,LinuxAARCH64JavaThreadPDAccess,1,1,0,0,0,0,true,false,false,true,false,false
jdk,54d01819164405ba15a9a462e5f10f0b4d1577ba,SystemDictionary,1,1,0,0,0,0,true,false,false,true,false,false
jdk,54d01819164405ba15a9a462e5f10f0b4d1577ba,Hashtable,1,1,0,0,0,0,true,false,false,true,false,false
jdk,54d01819164405ba15a9a462e5f10f0b4d1577ba,CodeHeap,1,1,0,0,0,0,true,false,false,true,false,false
jdk,54d01819164405ba15a9a462e5f10f0b4d1577ba,OopUtilities,1,1,0,0,0,0,true,false,false,true,false,false
jdk,54d01819164405ba15a9a462e5f10f0b4d1577ba,G1CollectedHeap,1,1,0,0,0,0,true,false,false,true,false,false
jdk,54d01819164405ba15a9a462e5f10f0b4d1577ba,CallNode,1,1,0,0,0,0,true,false,false,true,false,false
jdk,54d01819164405ba15a9a462e5f10f0b4d1577ba,StringTable,1,1,0,0,0,0,true,false,false,true,false,false
jdk,54d01819164405ba15a9a462e5f10f0b4d1577ba,Threads,1,1,0,0,0,0,true,false,false,true,false,false
jdk,54d01819164405ba15a9a462e5f10f0b4d1577ba,GenCollectedHeap,1,1,0,0,0,0,true,false,false,true,false,false
jdk,54d01819164405ba15a9a462e5f10f0b4d1577ba,JSJavaVM,1,1,0,0,0,0,true,false,false,true,false,false
jdk,54d01819164405ba15a9a462e5f10f0b4d1577ba,Dictionary,1,1,0,0,0,0,true,false,false,true,false,false
jdk,54d01819164405ba15a9a462e5f10f0b4d1577ba,InlineTree,1,1,0,0,0,0,true,false,false,true,false,false
jdk,54d01819164405ba15a9a462e5f10f0b4d1577ba,PlaceholderEntry,1,1,0,0,0,0,true,false,false,true,false,false
jdk,54d01819164405ba15a9a462e5f10f0b4d1577ba,ciMethodData,1,1,0,0,0,0,true,false,false,true,false,false
jdk,54d01819164405ba15a9a462e5f10f0b4d1577ba,X86Frame,1,1,0,0,0,0,true,false,false,true,false,false
jdk,54d01819164405ba15a9a462e5f10f0b4d1577ba,JSJavaField,1,1,0,0,0,0,true,false,false,true,false,false
jdk,54d01819164405ba15a9a462e5f10f0b4d1577ba,GenericGrowableArray,1,1,0,0,0,0,true,false,false,true,false,false
jdk,54d01819164405ba15a9a462e5f10f0b4d1577ba,ObjectReader,1,1,0,0,0,0,true,false,false,true,false,false
jdk,54d01819164405ba15a9a462e5f10f0b4d1577ba,CallStaticJavaNode,1,1,0,0,0,0,true,false,false,true,false,false
jdk,54d01819164405ba15a9a462e5f10f0b4d1577ba,ciMethod,1,1,0,0,0,0,true,false,false,true,false,false
jdk,54d01819164405ba15a9a462e5f10f0b4d1577ba,ConcurrentMarkSweepGeneration,1,1,0,0,0,0,true,false,false,true,false,false
jdk,54d01819164405ba15a9a462e5f10f0b4d1577ba,InterpreterCodelet,1,1,0,0,0,0,true,false,false,true,false,false
jdk,54d01819164405ba15a9a462e5f10f0b4d1577ba,BreakpointInfo,1,1,0,0,0,0,true,false,false,true,false,false
jdk,54d01819164405ba15a9a462e5f10f0b4d1577ba,StubQueue,1,1,0,0,0,0,true,false,false,true,false,false
jdk,54d01819164405ba15a9a462e5f10f0b4d1577ba,SystemDictionaryHelper,1,1,0,0,0,0,true,false,false,true,false,false
jdk,54d01819164405ba15a9a462e5f10f0b4d1577ba,MachIfNode,1,1,0,0,0,0,true,false,false,true,false,false
jdk,54d01819164405ba15a9a462e5f10f0b4d1577ba,MutableSpace,1,1,0,0,0,0,true,false,false,true,false,false
jdk,54d01819164405ba15a9a462e5f10f0b4d1577ba,Phase,1,1,0,0,0,0,true,false,false,true,false,false
jdk,54d01819164405ba15a9a462e5f10f0b4d1577ba,Metadata,1,1,0,0,0,0,true,false,false,true,false,false
jdk,54d01819164405ba15a9a462e5f10f0b4d1577ba,SymbolTable,1,1,0,0,0,0,true,false,false,true,false,false
jdk,54d01819164405ba15a9a462e5f10f0b4d1577ba,InstanceRefKlass,1,1,0,0,0,0,true,false,false,true,false,false
jdk,54d01819164405ba15a9a462e5f10f0b4d1577ba,Mark,1,1,0,0,0,0,true,false,false,true,false,false
jdk,54d01819164405ba15a9a462e5f10f0b4d1577ba,ciField,1,1,0,0,0,0,true,false,false,true,false,false
jdk,54d01819164405ba15a9a462e5f10f0b4d1577ba,MethodData,1,1,0,0,0,0,true,false,false,true,false,false
jdk,54d01819164405ba15a9a462e5f10f0b4d1577ba,LinuxPPC64JavaThreadPDAccess,1,1,0,0,0,0,true,false,false,true,false,false
jdk,54d01819164405ba15a9a462e5f10f0b4d1577ba,ExceptionTableElement,1,1,0,0,0,0,true,false,false,true,false,false
jdk,54d01819164405ba15a9a462e5f10f0b4d1577ba,WindbgDebuggerLocal,1,1,0,0,0,0,true,false,false,true,false,false
jdk,54d01819164405ba15a9a462e5f10f0b4d1577ba,CallDynamicJavaNode,1,1,0,0,0,0,true,false,false,true,false,false
jdk,54d01819164405ba15a9a462e5f10f0b4d1577ba,CMSCollector,1,1,0,0,0,0,true,false,false,true,false,false
jdk,54d01819164405ba15a9a462e5f10f0b4d1577ba,HeapRegionManager,1,1,0,0,0,0,true,false,false,true,false,false
jdk,54d01819164405ba15a9a462e5f10f0b4d1577ba,Location,1,1,0,0,0,0,true,false,false,true,false,false
jdk,54d01819164405ba15a9a462e5f10f0b4d1577ba,ProtectionDomainEntry,1,1,0,0,0,0,true,false,false,true,false,false
jdk,54d01819164405ba15a9a462e5f10f0b4d1577ba,TypeArray,1,1,0,0,0,0,true,false,false,true,false,false
jdk,54d01819164405ba15a9a462e5f10f0b4d1577ba,Frame,1,1,0,0,0,0,true,false,false,true,false,false
jdk,54d01819164405ba15a9a462e5f10f0b4d1577ba,BasicHashtableEntry,1,1,0,0,0,0,true,false,false,true,false,false
jdk,54d01819164405ba15a9a462e5f10f0b4d1577ba,ContiguousSpace,1,1,0,0,0,0,true,false,false,true,false,false
jdk,54d01819164405ba15a9a462e5f10f0b4d1577ba,MethodArray,1,1,0,0,0,0,true,false,false,true,false,false
jdk,54d01819164405ba15a9a462e5f10f0b4d1577ba,ciConstant,1,1,0,0,0,0,true,false,false,true,false,false
jdk,54d01819164405ba15a9a462e5f10f0b4d1577ba,CompactibleFreeListSpace,1,1,0,0,0,0,true,false,false,true,false,false
jdk,54d01819164405ba15a9a462e5f10f0b4d1577ba,CMSBitMap,1,1,0,0,0,0,true,false,false,true,false,false
jdk,54d01819164405ba15a9a462e5f10f0b4d1577ba,JNIHandles,1,1,0,0,0,0,true,false,false,true,false,false
jdk,54d01819164405ba15a9a462e5f10f0b4d1577ba,ciKlass,1,1,0,0,0,0,true,false,false,true,false,false
jdk,54d01819164405ba15a9a462e5f10f0b4d1577ba,CallRuntimeNode,1,1,0,0,0,0,true,false,false,true,false,false
jdk,54d01819164405ba15a9a462e5f10f0b4d1577ba,VirtualSpace,1,1,0,0,0,0,true,false,false,true,false,false
jdk,54d01819164405ba15a9a462e5f10f0b4d1577ba,BasicHashtable,1,1,0,0,0,0,true,false,false,true,false,false
jdk,54d01819164405ba15a9a462e5f10f0b4d1577ba,PSYoungGen,1,1,0,0,0,0,true,false,false,true,false,false
jdk,54d01819164405ba15a9a462e5f10f0b4d1577ba,PhiNode,1,1,0,0,0,0,true,false,false,true,false,false
jdk,54d01819164405ba15a9a462e5f10f0b4d1577ba,DeoptimizationBlob,1,1,0,0,0,0,true,false,false,true,false,false
jdk,54d01819164405ba15a9a462e5f10f0b4d1577ba,ciEnv,1,1,0,0,0,0,true,false,false,true,false,false
jdk,54d01819164405ba15a9a462e5f10f0b4d1577ba,JNIHandleBlock,1,1,0,0,0,0,true,false,false,true,false,false
jdk,54d01819164405ba15a9a462e5f10f0b4d1577ba,ExceptionBlob,1,1,0,0,0,0,true,false,false,true,false,false
jdk,54d01819164405ba15a9a462e5f10f0b4d1577ba,Instance,1,1,0,0,0,0,true,false,false,true,false,false
jdk,54d01819164405ba15a9a462e5f10f0b4d1577ba,JNIid,1,1,0,0,0,0,true,false,false,true,false,false
jdk,54d01819164405ba15a9a462e5f10f0b4d1577ba,PerfDataEntry,1,1,0,0,0,0,true,false,false,true,false,false
jdk,54d01819164405ba15a9a462e5f10f0b4d1577ba,LinearAllocBlock,1,1,0,0,0,0,true,false,false,true,false,false
jdk,54d01819164405ba15a9a462e5f10f0b4d1577ba,AARCH64Frame,1,1,0,0,0,0,true,false,false,true,false,false
jdk,54d01819164405ba15a9a462e5f10f0b4d1577ba,OSThread,1,1,0,0,0,0,true,false,false,true,false,false
jdk,54d01819164405ba15a9a462e5f10f0b4d1577ba,AdapterBlob,1,1,0,0,0,0,true,false,false,true,false,false
jdk,54d01819164405ba15a9a462e5f10f0b4d1577ba,BufferBlob,1,1,0,0,0,0,true,false,false,true,false,false
jdk,54d01819164405ba15a9a462e5f10f0b4d1577ba,GenerationSpec,1,1,0,0,0,0,true,false,false,true,false,false
jdk,54d01819164405ba15a9a462e5f10f0b4d1577ba,ClassLoaderData,1,1,0,0,0,0,true,false,false,true,false,false
jdk,54d01819164405ba15a9a462e5f10f0b4d1577ba,vmSymbols,1,1,0,0,0,0,true,false,false,true,false,false
jdk,54d01819164405ba15a9a462e5f10f0b4d1577ba,RegisterMap,1,1,0,0,0,0,true,false,false,true,false,false
jdk,54d01819164405ba15a9a462e5f10f0b4d1577ba,BasicLock,1,1,0,0,0,0,true,false,false,true,false,false
jdk,54d01819164405ba15a9a462e5f10f0b4d1577ba,Thread,1,1,0,0,0,0,true,false,false,true,false,false
jdk,54d01819164405ba15a9a462e5f10f0b4d1577ba,HashtableBucket,1,1,0,0,0,0,true,false,false,true,false,false
jdk,54d01819164405ba15a9a462e5f10f0b4d1577ba,Arguments,1,1,0,0,0,0,true,false,false,true,false,false
jdk,54d01819164405ba15a9a462e5f10f0b4d1577ba,ciInstanceKlass,1,1,0,0,0,0,true,false,false,true,false,false
jdk,54d01819164405ba15a9a462e5f10f0b4d1577ba,U1Array,1,1,0,0,0,0,true,false,false,true,false,false
jdk,54d01819164405ba15a9a462e5f10f0b4d1577ba,MachReturnNode,1,1,0,0,0,0,true,false,false,true,false,false
jdk,54d01819164405ba15a9a462e5f10f0b4d1577ba,ciSymbol,1,1,0,0,0,0,true,false,false,true,false,false
jdk,54d01819164405ba15a9a462e5f10f0b4d1577ba,Node,1,1,0,0,0,0,true,false,false,true,false,false
jdk,54d01819164405ba15a9a462e5f10f0b4d1577ba,LoaderConstraintTable,1,1,0,0,0,0,true,false,false,true,false,false
jdk,54d01819164405ba15a9a462e5f10f0b4d1577ba,ciType,1,1,0,0,0,0,true,false,false,true,false,false
jdk,54d01819164405ba15a9a462e5f10f0b4d1577ba,AdaptiveFreeList,1,1,0,0,0,0,true,false,false,true,false,false
jdk,54d01819164405ba15a9a462e5f10f0b4d1577ba,JSJavaHeap,1,1,0,0,0,0,true,false,false,true,false,false
jdk,54d01819164405ba15a9a462e5f10f0b4d1577ba,JSJavaMethod,1,1,0,0,0,0,true,false,false,true,false,false
jdk,54d01819164405ba15a9a462e5f10f0b4d1577ba,NMethod,1,1,0,0,0,0,true,false,false,true,false,false
jdk,54d01819164405ba15a9a462e5f10f0b4d1577ba,PPC64CurrentFrameGuess,1,1,0,0,0,0,true,false,false,true,false,false
jdk,54d01819164405ba15a9a462e5f10f0b4d1577ba,AMD64JavaCallWrapper,1,1,0,0,0,0,true,false,false,true,false,false
jdk,54d01819164405ba15a9a462e5f10f0b4d1577ba,PSOldGen,1,1,0,0,0,0,true,false,false,true,false,false
jdk,54d01819164405ba15a9a462e5f10f0b4d1577ba,CompiledICHolder,1,1,0,0,0,0,true,false,false,true,false,false
jdk,54d01819164405ba15a9a462e5f10f0b4d1577ba,SOQLEngine,1,1,0,0,0,0,true,false,false,true,false,false
jdk,54d01819164405ba15a9a462e5f10f0b4d1577ba,MethodCounters,1,1,0,0,0,0,true,false,false,true,false,false
jdk,54d01819164405ba15a9a462e5f10f0b4d1577ba,PCDesc,1,1,0,0,0,0,true,false,false,true,false,false
jdk,54d01819164405ba15a9a462e5f10f0b4d1577ba,MachCallNode,1,1,0,0,0,0,true,false,false,true,false,false
jdk,54d01819164405ba15a9a462e5f10f0b4d1577ba,ImmutableOopMapSet,1,1,0,0,0,0,true,false,false,true,false,false
jdk,54d01819164405ba15a9a462e5f10f0b4d1577ba,JSJavaInstanceKlass,1,1,0,0,0,0,true,false,false,true,false,false
jdk,54d01819164405ba15a9a462e5f10f0b4d1577ba,G1MonitoringSupport,1,1,0,0,0,0,true,false,false,true,false,false
jdk,54d01819164405ba15a9a462e5f10f0b4d1577ba,CompactibleSpace,1,1,0,0,0,0,true,false,false,true,false,false
jdk,54d01819164405ba15a9a462e5f10f0b4d1577ba,Win32AMD64JavaThreadPDAccess,1,1,0,0,0,0,true,false,false,true,false,false
jdk,54d01819164405ba15a9a462e5f10f0b4d1577ba,Klass,1,1,0,0,0,0,true,false,false,true,false,false
jdk,54d01819164405ba15a9a462e5f10f0b4d1577ba,MemRegion,1,1,0,0,0,0,true,false,false,true,false,false
jdk,54d01819164405ba15a9a462e5f10f0b4d1577ba,java_lang_Class,1,1,0,0,0,0,true,false,false,true,false,false
jdk,54d01819164405ba15a9a462e5f10f0b4d1577ba,TypeArrayKlass,1,1,0,0,0,0,true,false,false,true,false,false
jdk,54d01819164405ba15a9a462e5f10f0b4d1577ba,Block,1,1,0,0,0,0,true,false,false,true,false,false
jdk,54d01819164405ba15a9a462e5f10f0b4d1577ba,LocalVariableTableElement,1,1,0,0,0,0,true,false,false,true,false,false
jdk,54d01819164405ba15a9a462e5f10f0b4d1577ba,ConstantPoolCache,1,1,0,0,0,0,true,false,false,true,false,false
jdk,54d01819164405ba15a9a462e5f10f0b4d1577ba,ArrayKlass,1,1,0,0,0,0,true,false,false,true,false,false
jdk,54d01819164405ba15a9a462e5f10f0b4d1577ba,JSJavaFrame,1,1,0,0,0,0,true,false,false,true,false,false
jdk,54d01819164405ba15a9a462e5f10f0b4d1577ba,ImmutableSpace,1,1,0,0,0,0,true,false,false,true,false,false
jdk,54d01819164405ba15a9a462e5f10f0b4d1577ba,RMIHelper,1,1,0,0,0,0,true,false,false,true,false,false
jdk,54d01819164405ba15a9a462e5f10f0b4d1577ba,HaltNode,1,1,0,0,0,0,true,false,false,true,false,false
jdk,54d01819164405ba15a9a462e5f10f0b4d1577ba,VMReg,1,1,0,0,0,0,true,false,false,true,false,false
jdk,54d01819164405ba15a9a462e5f10f0b4d1577ba,ImmutableOopMap,1,1,0,0,0,0,true,false,false,true,false,false
jdk,54d01819164405ba15a9a462e5f10f0b4d1577ba,JVMState,1,1,0,0,0,0,true,false,false,true,false,false
jdk,54d01819164405ba15a9a462e5f10f0b4d1577ba,CompactHashTable,1,1,0,0,0,0,true,false,false,true,false,false
jdk,54d01819164405ba15a9a462e5f10f0b4d1577ba,DictionaryEntry,1,1,0,0,0,0,true,false,false,true,false,false
jdk,54d01819164405ba15a9a462e5f10f0b4d1577ba,LoaderConstraintEntry,1,1,0,0,0,0,true,false,false,true,false,false
jdk,54d01819164405ba15a9a462e5f10f0b4d1577ba,ciObjectFactory,1,1,0,0,0,0,true,false,false,true,false,false
jdk,54d01819164405ba15a9a462e5f10f0b4d1577ba,Array,1,1,0,0,0,0,true,false,false,true,false,false
jdk,54d01819164405ba15a9a462e5f10f0b4d1577ba,SafepointBlob,1,1,0,0,0,0,true,false,false,true,false,false
jdk,54d01819164405ba15a9a462e5f10f0b4d1577ba,MachCallJavaNode,1,1,0,0,0,0,true,false,false,true,false,false
jdk,54d01819164405ba15a9a462e5f10f0b4d1577ba,ProtectionDomainCacheEntry,1,1,0,0,0,0,true,false,false,true,false,false
jdk,54d01819164405ba15a9a462e5f10f0b4d1577ba,LinuxSPARCJavaThreadPDAccess,1,1,0,0,0,0,true,false,false,true,false,false
jdk,54d01819164405ba15a9a462e5f10f0b4d1577ba,Symbol,1,1,0,0,0,0,true,false,false,true,false,false
jdk,54d01819164405ba15a9a462e5f10f0b4d1577ba,Win32X86JavaThreadPDAccess,1,1,0,0,0,0,true,false,false,true,false,false
jdk,54d01819164405ba15a9a462e5f10f0b4d1577ba,ciTypeArrayKlass,1,1,0,0,0,0,true,false,false,true,false,false
jdk,54d01819164405ba15a9a462e5f10f0b4d1577ba,HashtableEntry,1,1,0,0,0,0,true,false,false,true,false,false
jdk,54d01819164405ba15a9a462e5f10f0b4d1577ba,SAJDIClassLoader,1,1,0,0,0,0,true,false,false,true,false,false
jdk,54d01819164405ba15a9a462e5f10f0b4d1577ba,FreeChunk,1,1,0,0,0,0,true,false,false,true,false,false
jdk,a61ad3ce4a372e16700c3132828f0124ff280bdf,SafeThread,0,0,0,0,0,0,true,true,true,true,true,true
jdk,3be64b25fc93ecce20d8f1148ce4de0807d2fd8c,ManagedLocalsThread,1,1,0,0,0,0,true,false,false,true,false,false
jdk,f849aef11636fab595c3914f05286f637a761b5b,GetResolvedJavaMethodTest,0,0,0,0,0,0,true,true,true,true,true,true
jdk,f849aef11636fab595c3914f05286f637a761b5b,Utils,0,0,0,0,0,0,true,true,true,true,true,true
jdk,f849aef11636fab595c3914f05286f637a761b5b,HotSpotJVMCIRuntime,0,0,0,0,0,0,true,true,true,true,true,true
jdk,f849aef11636fab595c3914f05286f637a761b5b,ExecuteInstalledCodeTest,0,0,0,0,0,0,true,true,true,true,true,true
jdk,f849aef11636fab595c3914f05286f637a761b5b,GetNextStackFrameTest,0,0,0,0,0,0,true,true,true,true,true,true
jdk,9d8f5aaed7aa4ef270e07e2619572960bd474b2b,JShellTool,0,0,0,0,0,0,true,true,true,true,true,true
jdk,cba5230f0a1f555219eb5c5e24bc5330b80a650f,Bootstrap,0,0,0,0,0,0,true,true,true,true,true,true
jdk,18d37dcd0e2181f7418bfb8fd1949dfb4f953bcd,InetSocketAddress,0,0,0,0,0,0,true,true,true,true,true,true
jdk,18d37dcd0e2181f7418bfb8fd1949dfb4f953bcd,BoundMethodHandle,0,0,0,0,0,0,true,true,true,true,true,true
jdk,18d37dcd0e2181f7418bfb8fd1949dfb4f953bcd,BigDecimal,0,0,0,0,0,0,true,true,true,true,true,true
jdk,18d37dcd0e2181f7418bfb8fd1949dfb4f953bcd,ManagementFactoryHelper,0,0,0,0,0,0,true,true,true,true,true,true
jdk,18d37dcd0e2181f7418bfb8fd1949dfb4f953bcd,DirectMethodHandle,0,1,0,0,0,0,false,true,false,false,true,false
jdk,18d37dcd0e2181f7418bfb8fd1949dfb4f953bcd,InnocuousThread,0,0,0,0,0,0,true,true,true,true,true,true
jdk,18d37dcd0e2181f7418bfb8fd1949dfb4f953bcd,InetAddress,0,0,0,0,0,0,true,true,true,true,true,true
jdk,18d37dcd0e2181f7418bfb8fd1949dfb4f953bcd,PrincipalName,0,0,0,0,0,0,true,true,true,true,true,true
jdk,18d37dcd0e2181f7418bfb8fd1949dfb4f953bcd,ManagedLocalsThread,0,0,0,0,0,0,true,true,true,true,true,true
jdk,18d37dcd0e2181f7418bfb8fd1949dfb4f953bcd,AnonymousClassLoader,0,0,0,0,0,0,true,true,true,true,true,true
jdk,18d37dcd0e2181f7418bfb8fd1949dfb4f953bcd,BigInteger,0,0,0,0,0,0,true,true,true,true,true,true
jdk,18d37dcd0e2181f7418bfb8fd1949dfb4f953bcd,Inet6Address,0,0,0,0,0,0,true,true,true,true,true,true
jdk,18d37dcd0e2181f7418bfb8fd1949dfb4f953bcd,File,0,0,0,0,0,0,true,true,true,true,true,true
jdk,7f7b300f89481c094e56fd6e12855e437ce10dfe,GnomeFileTypeDetector,1,1,0,0,0,0,true,false,false,true,false,false
jdk,7a5ab8f877b19204c7d191a84d3704ec090bbc9d,GnomeFileTypeDetector,1,1,0,0,0,0,true,false,false,true,false,false
jdk,7a5ab8f877b19204c7d191a84d3704ec090bbc9d,HistoryObject,0,0,0,0,0,0,true,true,true,true,true,true
jdk,b0860e6b99d71484ac3335aeefdbe7f13bcd456c,Win32FontManager,1,1,0,0,0,0,true,false,false,true,false,false
jdk,b0860e6b99d71484ac3335aeefdbe7f13bcd456c,SunToolkit,1,1,0,0,0,0,true,false,false,true,false,false
jdk,b0860e6b99d71484ac3335aeefdbe7f13bcd456c,DataTransferer,1,1,0,0,0,0,true,false,false,true,false,false
jdk,b0860e6b99d71484ac3335aeefdbe7f13bcd456c,XlibWrapper,1,1,0,0,0,0,true,false,false,true,false,false
jdk,b0860e6b99d71484ac3335aeefdbe7f13bcd456c,JPopupMenu,1,1,0,0,0,0,true,false,false,true,false,false
jdk,b0860e6b99d71484ac3335aeefdbe7f13bcd456c,WPrinterJob,1,1,0,0,0,0,true,false,false,true,false,false
jdk,b0860e6b99d71484ac3335aeefdbe7f13bcd456c,XSelection,1,1,0,0,0,0,true,false,false,true,false,false
jdk,b0860e6b99d71484ac3335aeefdbe7f13bcd456c,StrikeCache,1,1,0,0,0,0,true,false,false,true,false,false
jdk,b0860e6b99d71484ac3335aeefdbe7f13bcd456c,SunGraphics2D,1,1,0,0,0,0,true,false,false,true,false,false
jdk,b0860e6b99d71484ac3335aeefdbe7f13bcd456c,XWindow,1,1,0,0,0,0,true,false,false,true,false,false
jdk,b0860e6b99d71484ac3335aeefdbe7f13bcd456c,SunFontManager,1,1,0,0,0,0,true,false,false,true,false,false
jdk,b0860e6b99d71484ac3335aeefdbe7f13bcd456c,StyleContext,1,1,0,0,0,0,true,false,false,true,false,false
jdk,b0860e6b99d71484ac3335aeefdbe7f13bcd456c,ImageIcon,1,1,0,0,0,0,true,false,false,true,false,false
jdk,b0860e6b99d71484ac3335aeefdbe7f13bcd456c,Platform,1,1,0,0,0,0,true,false,false,true,false,false
jdk,b0860e6b99d71484ac3335aeefdbe7f13bcd456c,FileFontStrike,1,1,0,0,0,0,true,false,false,true,false,false
jdk,b0860e6b99d71484ac3335aeefdbe7f13bcd456c,XToolkit,1,1,0,0,0,0,true,false,false,true,false,false
jdk,b0860e6b99d71484ac3335aeefdbe7f13bcd456c,LWComponentPeer,1,1,0,0,0,0,true,false,false,true,false,false
jdk,b0860e6b99d71484ac3335aeefdbe7f13bcd456c,CSS,1,1,0,0,0,0,true,false,false,true,false,false
jdk,b0860e6b99d71484ac3335aeefdbe7f13bcd456c,WToolkit,1,1,0,0,0,0,true,false,false,true,false,false
jdk,b0860e6b99d71484ac3335aeefdbe7f13bcd456c,JTextComponent,1,1,0,0,0,0,true,false,false,true,false,false
jdk,b0860e6b99d71484ac3335aeefdbe7f13bcd456c,AppContext,1,1,0,0,0,0,true,false,false,true,false,false
jdk,b0860e6b99d71484ac3335aeefdbe7f13bcd456c,WInputMethod,1,1,0,0,0,0,true,false,false,true,false,false
jdk,2ff2ad2750201211b0530fe3e794dbbae612abf2,Bootstrap,0,0,0,0,0,0,true,true,true,true,true,true
jdk,2ff2ad2750201211b0530fe3e794dbbae612abf2,JSObjectLinker,0,0,0,0,0,0,true,true,true,true,true,true
jdk,54791de34d58db84d820e83c84ca70b93514f9fe,BoundMethodHandle,0,0,0,0,0,0,true,true,true,true,true,true
jdk,54791de34d58db84d820e83c84ca70b93514f9fe,DirectMethodHandle,0,0,0,0,0,0,true,true,true,true,true,true
jdk,54791de34d58db84d820e83c84ca70b93514f9fe,ValueConversions,0,0,0,0,0,0,true,true,true,true,true,true
jdk,54791de34d58db84d820e83c84ca70b93514f9fe,JavaDocExamplesTest,0,0,0,0,0,0,true,true,true,true,true,true
jdk,54791de34d58db84d820e83c84ca70b93514f9fe,MethodHandleImpl,0,0,0,0,0,0,true,true,true,true,true,true
jdk,54791de34d58db84d820e83c84ca70b93514f9fe,MD4,0,0,0,0,0,0,true,true,true,true,true,true
jdk,160041dbd3604c99ca226ed6aa35db4796b83b79,Injector,0,0,0,0,0,0,true,true,true,true,true,true
jdk,160041dbd3604c99ca226ed6aa35db4796b83b79,XmlUtil,0,0,0,0,0,0,true,true,true,true,true,true
jdk,160041dbd3604c99ca226ed6aa35db4796b83b79,HttpAdapter,0,0,0,0,0,0,true,true,true,true,true,true
jdk,06a05f88a65cdb06e9b1299c3b95ce49e98dd41c,XMLErrorResources_pt_BR,0,0,0,0,0,0,true,true,true,true,true,true
jdk,084c96bb71996aecec0b3ef3abf1c5a34b80cb24,IdResolver,0,0,0,0,0,0,true,true,true,true,true,true
jdk,084c96bb71996aecec0b3ef3abf1c5a34b80cb24,CopyOnWriteArrayList,0,0,0,0,0,0,true,true,true,true,true,true
jdk,084c96bb71996aecec0b3ef3abf1c5a34b80cb24,CanonicalizerBase,0,0,0,0,0,0,true,true,true,true,true,true
jdk,084c96bb71996aecec0b3ef3abf1c5a34b80cb24,PKCS11Test,0,0,0,0,0,0,true,true,true,true,true,true
jdk,084c96bb71996aecec0b3ef3abf1c5a34b80cb24,BigInteger,0,0,0,0,0,0,true,true,true,true,true,true
jdk,084c96bb71996aecec0b3ef3abf1c5a34b80cb24,JapaneseEra,0,0,0,0,0,0,true,true,true,true,true,true
jdk,084c96bb71996aecec0b3ef3abf1c5a34b80cb24,Base64,0,0,0,0,0,0,true,true,true,true,true,true
jdk,084c96bb71996aecec0b3ef3abf1c5a34b80cb24,ConcurrentLinkedDeque,0,0,0,0,0,0,true,true,true,true,true,true
jdk,084c96bb71996aecec0b3ef3abf1c5a34b80cb24,ConcurrentSkipListSet,0,0,0,0,0,0,true,true,true,true,true,true
jdk,084c96bb71996aecec0b3ef3abf1c5a34b80cb24,KeyInfo,0,0,0,0,0,0,true,true,true,true,true,true
jdk,084c96bb71996aecec0b3ef3abf1c5a34b80cb24,ConcurrentSkipListMap,0,0,0,0,0,0,true,true,true,true,true,true
jdk,084c96bb71996aecec0b3ef3abf1c5a34b80cb24,CachedXPathFuncHereAPI,1,1,0,0,0,0,true,false,false,true,false,false
jdk,084c96bb71996aecec0b3ef3abf1c5a34b80cb24,ForkJoinPool,0,0,0,0,0,0,true,true,true,true,true,true
jdk,084c96bb71996aecec0b3ef3abf1c5a34b80cb24,Class,0,0,0,0,0,0,true,true,true,true,true,true
jdk,084c96bb71996aecec0b3ef3abf1c5a34b80cb24,ConcurrentHashMap,0,0,0,0,0,0,true,true,true,true,true,true
jdk,084c96bb71996aecec0b3ef3abf1c5a34b80cb24,NameSpaceSymbTable,0,0,0,0,0,0,true,true,true,true,true,true
jdk,a08435f4acad02afb2e2a639d07ab88f3b66c46c,RealTimeSequencer,0,0,0,0,0,0,true,true,true,true,true,true
jdk,a08435f4acad02afb2e2a639d07ab88f3b66c46c,Net,0,0,0,0,0,0,true,true,true,true,true,true
jdk,a08435f4acad02afb2e2a639d07ab88f3b66c46c,PosixBracket,1,1,0,0,0,0,true,false,false,true,false,false
jdk,a08435f4acad02afb2e2a639d07ab88f3b66c46c,PlainSocketImpl,0,0,0,0,0,0,true,true,true,true,true,true
jdk,a08435f4acad02afb2e2a639d07ab88f3b66c46c,ZipFile,0,0,0,0,0,0,true,true,true,true,true,true
jdk,a08435f4acad02afb2e2a639d07ab88f3b66c46c,URLClassPath,0,0,0,0,0,0,true,true,true,true,true,true
jdk,a08435f4acad02afb2e2a639d07ab88f3b66c46c,WMenuItemPeer,0,0,0,0,0,0,true,true,true,true,true,true
jdk,a08435f4acad02afb2e2a639d07ab88f3b66c46c,DateParser,1,1,0,0,0,0,true,false,false,true,false,false
jdk,a08435f4acad02afb2e2a639d07ab88f3b66c46c,DefaultDatagramSocketImplFactory,0,0,0,0,0,0,true,true,true,true,true,true
jdk,a08435f4acad02afb2e2a639d07ab88f3b66c46c,AccessorProperty,1,1,0,0,0,0,true,false,false,true,false,false
jdk,a08435f4acad02afb2e2a639d07ab88f3b66c46c,Integer,0,0,0,0,0,0,true,true,true,true,true,true
jdk,a08435f4acad02afb2e2a639d07ab88f3b66c46c,MHProxyTest,1,1,0,0,0,0,true,false,false,true,false,false
jdk,a08435f4acad02afb2e2a639d07ab88f3b66c46c,AppContext,0,0,0,0,0,0,true,true,true,true,true,true
jdk,a08435f4acad02afb2e2a639d07ab88f3b66c46c,LWCToolkit,0,0,0,0,0,0,true,true,true,true,true,true
jdk,a08435f4acad02afb2e2a639d07ab88f3b66c46c,AbstractLine,0,0,0,0,0,0,true,true,true,true,true,true
jdk,a08435f4acad02afb2e2a639d07ab88f3b66c46c,EventQueue,0,0,0,0,0,0,true,true,true,true,true,true
jdk,a08435f4acad02afb2e2a639d07ab88f3b66c46c,JSJavaInstanceKlass,0,0,0,0,0,0,true,true,true,true,true,true
jdk,a08435f4acad02afb2e2a639d07ab88f3b66c46c,WToolkit,0,0,0,0,0,0,true,true,true,true,true,true
jdk,a08435f4acad02afb2e2a639d07ab88f3b66c46c,MatchOpTest,0,0,0,0,0,0,true,true,true,true,true,true
jdk,a44928027eca4e8336338411c1fed3cba9795f00,AccessorProperty,0,0,0,0,0,0,true,true,true,true,true,true
jdk,a44928027eca4e8336338411c1fed3cba9795f00,PosixBracket,1,1,0,0,0,0,true,false,false,true,false,false
jdk,d983033c28fbe84cfb3e8aa8e04257066bfb18f5,ConcurrentHashMap,0,0,0,0,0,0,true,true,true,true,true,true
jdk,d983033c28fbe84cfb3e8aa8e04257066bfb18f5,PolicyTool,0,0,0,0,0,0,true,true,true,true,true,true
jdk,466898035e8ab79f4565cecf1c2fffb89402e5e9,TokenType,0,0,0,0,0,0,true,true,true,true,true,true
jdk,6983122cdeed4ec1c25afc3cb17ce46e78fec298,CopyOnWriteArrayList,0,0,0,0,0,0,true,true,true,true,true,true
jdk,6983122cdeed4ec1c25afc3cb17ce46e78fec298,HostLocaleProviderAdapterImpl,0,0,0,0,0,0,true,true,true,true,true,true
jdk,6983122cdeed4ec1c25afc3cb17ce46e78fec298,UnixNativeDispatcher,0,0,0,0,0,0,true,true,true,true,true,true
jdk,84c7eb03ae64a7b562762eb339512cc71d6aa4f5,ResponseBuilder,0,0,0,0,0,0,true,true,true,true,true,true
jdk,84c7eb03ae64a7b562762eb339512cc71d6aa4f5,WeakDataFile,0,0,0,0,0,0,true,true,true,true,true,true
jdk,84c7eb03ae64a7b562762eb339512cc71d6aa4f5,SOAPFaultBuilder,0,0,0,0,0,0,true,true,true,true,true,true
jdk,84c7eb03ae64a7b562762eb339512cc71d6aa4f5,ModelBuilder,0,0,0,0,0,0,true,true,true,true,true,true
jdk,84c7eb03ae64a7b562762eb339512cc71d6aa4f5,Invoker,0,0,0,0,0,0,true,true,true,true,true,true
jdk,84c7eb03ae64a7b562762eb339512cc71d6aa4f5,NameUtil,0,0,0,0,0,0,true,true,true,true,true,true
jdk,84c7eb03ae64a7b562762eb339512cc71d6aa4f5,HttpTransportPipe,0,0,0,0,0,0,true,true,true,true,true,true
jdk,84c7eb03ae64a7b562762eb339512cc71d6aa4f5,XmlUtil,0,0,0,0,0,0,true,true,true,true,true,true
jdk,84c7eb03ae64a7b562762eb339512cc71d6aa4f5,Packet,0,0,0,0,0,0,true,true,true,true,true,true
jdk,84c7eb03ae64a7b562762eb339512cc71d6aa4f5,XMLStreamReaderFactory,0,0,0,0,0,0,true,true,true,true,true,true
jdk,babbf21e374750749b3633eda4d2b81639b568d1,Class,0,0,0,0,0,0,true,true,true,true,true,true
jdk,babbf21e374750749b3633eda4d2b81639b568d1,PlatformLogger,0,0,0,0,0,0,true,true,true,true,true,true
jdk,5cf1075de1f8059936516e09cdc6e99cd4566956,Option,0,0,0,0,0,0,true,true,true,true,true,true
jdk,f92370665ed1b21ad1cdcbed4933ba6690451730,BandStructure,0,0,0,0,0,0,true,true,true,true,true,true
jdk,f92370665ed1b21ad1cdcbed4933ba6690451730,Class,0,0,0,0,0,0,true,true,true,true,true,true
jdk,f92370665ed1b21ad1cdcbed4933ba6690451730,GopherClient,1,1,0,0,0,0,true,false,false,true,false,false
jdk,f92370665ed1b21ad1cdcbed4933ba6690451730,ValueConversions,0,0,0,0,0,0,true,true,true,true,true,true
jdk,f92370665ed1b21ad1cdcbed4933ba6690451730,MethodHandleImpl,0,0,0,0,0,0,true,false,false,true,true,true
jdk,1cb7e050ff91a87bad9e11b4a8637ad0f067b5ab,ValueConversions,0,0,0,0,0,0,true,true,true,true,true,true
jdk,1cb7e050ff91a87bad9e11b4a8637ad0f067b5ab,MethodHandleImpl,0,0,0,0,0,0,true,true,true,true,true,true
jdk,b8265239b8c990dfee08c4e99ab50ad2d5d8bd0e,ValueConversions,0,0,0,0,0,0,true,true,true,true,true,true
jdk,b8265239b8c990dfee08c4e99ab50ad2d5d8bd0e,MethodHandleImpl,0,0,0,0,0,0,true,true,true,true,true,true
jdk,9014f4ced085e454ab73045cb173a3a3d3b010fe,Currency,0,0,0,0,0,0,true,true,true,true,true,true
jdk,9014f4ced085e454ab73045cb173a3a3d3b010fe,LocaleServiceProviderPool,1,1,0,0,0,0,true,false,false,true,false,false
jdk,9014f4ced085e454ab73045cb173a3a3d3b010fe,PKCS11Test,0,0,0,0,0,0,true,true,true,true,true,true
jdk,9014f4ced085e454ab73045cb173a3a3d3b010fe,MappedMXBeanType,0,0,0,0,0,0,true,true,true,true,true,true
jdk,162d75c68c87f79ee2854326e4e43bad1c97426c,ServerConfig,2,3,0,0,1,0,false,false,false,false,false,false
jdk,162d75c68c87f79ee2854326e4e43bad1c97426c,AppContext,0,0,0,0,0,0,true,true,true,true,true,true
jdk,2152b58b6093a58635582c971fa9874081307a89,TimestampedSigner,0,0,0,0,0,0,true,true,true,true,true,true
jdk,2152b58b6093a58635582c971fa9874081307a89,TSRequest,0,0,0,0,0,0,true,true,true,true,true,true
jdk,2152b58b6093a58635582c971fa9874081307a89,MarshalInputStream,0,0,0,0,0,0,true,true,true,true,true,true
jdk,04247c5b48f2b3136039dc55c5deb0dcf0cfc3c1,ExtendedKeyCodes,0,0,0,0,0,0,true,true,true,true,true,true
jdk,04247c5b48f2b3136039dc55c5deb0dcf0cfc3c1,LinuxWatchService,0,0,0,0,0,0,true,true,true,true,true,true
jdk,04247c5b48f2b3136039dc55c5deb0dcf0cfc3c1,Pattern,0,0,0,0,0,0,true,true,true,true,true,true
jdk,1859ff359e6274e34700fe138c95297bbc78ce81,ProtocolList,0,0,0,0,0,0,true,true,true,true,true,true
jdk,1859ff359e6274e34700fe138c95297bbc78ce81,Character,0,0,0,0,0,0,true,true,true,true,true,true
jdk,abc0e63cbcd492f75f992558ee9d425d26dc9347,ProtocolList,0,0,0,0,0,0,true,true,true,true,true,true
jdk,abc0e63cbcd492f75f992558ee9d425d26dc9347,Pattern,0,0,0,0,0,0,true,true,true,true,true,true
jdk,abc0e63cbcd492f75f992558ee9d425d26dc9347,Character,0,0,0,0,0,0,true,true,true,true,true,true
jdk,b8d95b25f0cebcbebc03f3e7539228aad0687ea9,Bundle,1,1,0,0,0,0,true,false,false,true,false,false
jdk,b8d95b25f0cebcbebc03f3e7539228aad0687ea9,DownloadManager,1,1,0,0,0,0,true,false,false,true,false,false
jdk,b8d95b25f0cebcbebc03f3e7539228aad0687ea9,StandaloneMessageDigest,1,1,0,0,0,0,true,false,false,true,false,false
jdk,b8d95b25f0cebcbebc03f3e7539228aad0687ea9,Mutex,1,1,0,0,0,0,true,false,false,true,false,false
jdk,5f0efd5e7c3217c3c9323e115bba50c0d6aeb8da,DownloadManager,1,1,0,0,0,0,true,false,false,true,false,false
jdk,5f0efd5e7c3217c3c9323e115bba50c0d6aeb8da,StandaloneMessageDigest,1,1,0,0,0,0,true,false,false,true,false,false
jdk,5f0efd5e7c3217c3c9323e115bba50c0d6aeb8da,Bundle,1,1,0,0,0,0,true,false,false,true,false,false
jdk,5f0efd5e7c3217c3c9323e115bba50c0d6aeb8da,Mutex,1,1,0,0,0,0,true,false,false,true,false,false
jdk,e9b706c96752f4c350ce4831a10beccb44ed4e65,XDesktopPeer,0,0,0,0,0,0,true,true,true,true,true,true
jdk,d686419127afddfefdf8b05eaa34812c46b07a2a,SymbolKlass,1,1,0,0,0,0,true,false,false,true,false,false
jdk,d686419127afddfefdf8b05eaa34812c46b07a2a,ConstantPool,0,0,0,0,0,0,true,true,true,true,true,true
jdk,9e058711b19984d0e73edf4de2ad8c67f9379fbd,ConstantPool,0,0,0,0,0,0,true,true,true,true,true,true
jdk,9e058711b19984d0e73edf4de2ad8c67f9379fbd,SymbolKlass,1,1,0,0,0,0,true,false,false,true,false,false
jdk,15c1c32516a75fad79f5c027cbf5c75e05999aaa,Frame,0,0,0,0,0,0,true,true,true,true,true,true
jdk,15c1c32516a75fad79f5c027cbf5c75e05999aaa,Container,0,0,0,0,0,0,true,true,true,true,true,true
jdk,80dcc0914c1dbad66cf62b8f4e57c7408833ae82,Container,0,0,0,0,0,0,true,true,true,true,true,true
jdk,80dcc0914c1dbad66cf62b8f4e57c7408833ae82,Frame,0,0,0,0,0,0,true,true,true,true,true,true
jdk,612fdb2793fa3b23fecbd86c29a80a12cd325a94,Request,0,0,0,0,0,0,true,true,true,true,true,true
jdk,612fdb2793fa3b23fecbd86c29a80a12cd325a94,ServerConfig,1,1,0,0,0,0,true,false,false,true,false,false
jdk,c420cdefc27eb975a4d9f6b5ad443a2fae083506,KDC,0,0,0,0,0,0,true,false,false,true,true,true
jdk,c420cdefc27eb975a4d9f6b5ad443a2fae083506,ProtocolList,0,0,0,0,0,0,true,true,true,true,true,true
jdk,c420cdefc27eb975a4d9f6b5ad443a2fae083506,SSLSocketFactory,0,0,0,0,0,0,true,true,true,true,true,true
jdk,c420cdefc27eb975a4d9f6b5ad443a2fae083506,InetAddressCachePolicy,0,0,0,0,0,0,true,true,true,true,true,true
jdk,c420cdefc27eb975a4d9f6b5ad443a2fae083506,NetworkClient,0,0,0,0,0,0,true,true,true,true,true,true
jdk,c420cdefc27eb975a4d9f6b5ad443a2fae083506,AESCrypt,0,0,0,0,0,0,true,true,true,true,true,true
jdk,c420cdefc27eb975a4d9f6b5ad443a2fae083506,HelloExtensions,0,0,0,0,0,0,true,true,true,true,true,true
jdk,c420cdefc27eb975a4d9f6b5ad443a2fae083506,CipherSuite,0,0,0,0,0,0,true,true,true,true,true,true
jdk,c420cdefc27eb975a4d9f6b5ad443a2fae083506,HttpsURLConnection,0,0,0,0,0,0,true,true,true,true,true,true
jdk,c420cdefc27eb975a4d9f6b5ad443a2fae083506,Debug,0,0,0,0,0,0,true,true,true,true,true,true
jdk,c420cdefc27eb975a4d9f6b5ad443a2fae083506,SunPKCS11,0,0,0,0,0,0,true,true,true,true,true,true
jdk,6b9ad5467191f40168ecf8f5f6887141771a5323,DoubleByte,0,0,0,0,0,0,true,true,true,true,true,true
jdk,6b9ad5467191f40168ecf8f5f6887141771a5323,PropMap,0,0,0,0,0,0,true,true,true,true,true,true
jdk,6b9ad5467191f40168ecf8f5f6887141771a5323,DefineClassByteBuffer,0,0,0,0,0,0,true,true,true,true,true,true
jdk,6b9ad5467191f40168ecf8f5f6887141771a5323,CompoundTextSupport,0,0,0,0,0,0,true,true,true,true,true,true
jdk,fd5d7900ac1886473b5187e6c2ae7b9501cc6d28,template,1,1,0,0,0,0,true,false,false,true,false,false
jdk,2b871b4ad6704b399cf6cbb0100523f2dca50e17,Window,0,0,0,0,0,0,true,true,true,true,true,true
jdk,40bb5c51454f9ee1b5a84495cb6ef319da785479,AppContext,0,0,0,0,0,0,true,true,true,true,true,true
